ISO-10303-21;
HEADER;
/* Generated by software containing ST-Developer
 * from STEP Tools, Inc. (www.steptools.com) 
 */

FILE_DESCRIPTION(
/* description */ (''),
/* implementation_level */ '2;1');

FILE_NAME(
/* name */ 'candle stand.step',
/* time_stamp */ '2026-09-16T20:03:43+05:30',
/* author */ (''),
/* organization */ (''),
/* preprocessor_version */ 'ST-DEVELOPER v20.2',
/* originating_system */ 'Autodesk Translation Framework v15.15.0.0',
/* authorisation */ '');

FILE_SCHEMA (('AUTOMOTIVE_DESIGN { 1 0 10303 214 3 1 1 }'));
ENDSEC;

DATA;
#10=MECHANICAL_DESIGN_GEOMETRIC_PRESENTATION_REPRESENTATION('',(#16,#17,
#18,#19,#20,#21),#2857);
#11=SHAPE_REPRESENTATION_RELATIONSHIP('SRR','None',#2864,#12);
#12=ADVANCED_BREP_SHAPE_REPRESENTATION('',(#14,#15),#2856);
#13=B_SPLINE_SURFACE_WITH_KNOTS('',3,3,((#2664,#2665,#2666,#2667,#2668,
#2669,#2670,#2671,#2672),(#2673,#2674,#2675,#2676,#2677,#2678,#2679,#2680,
#2681),(#2682,#2683,#2684,#2685,#2686,#2687,#2688,#2689,#2690),(#2691,#2692,
#2693,#2694,#2695,#2696,#2697,#2698,#2699),(#2700,#2701,#2702,#2703,#2704,
#2705,#2706,#2707,#2708),(#2709,#2710,#2711,#2712,#2713,#2714,#2715,#2716,
#2717),(#2718,#2719,#2720,#2721,#2722,#2723,#2724,#2725,#2726),(#2727,#2728,
#2729,#2730,#2731,#2732,#2733,#2734,#2735),(#2736,#2737,#2738,#2739,#2740,
#2741,#2742,#2743,#2744),(#2745,#2746,#2747,#2748,#2749,#2750,#2751,#2752,
#2753),(#2754,#2755,#2756,#2757,#2758,#2759,#2760,#2761,#2762),(#2763,#2764,
#2765,#2766,#2767,#2768,#2769,#2770,#2771),(#2772,#2773,#2774,#2775,#2776,
#2777,#2778,#2779,#2780),(#2781,#2782,#2783,#2784,#2785,#2786,#2787,#2788,
#2789),(#2790,#2791,#2792,#2793,#2794,#2795,#2796,#2797,#2798),(#2799,#2800,
#2801,#2802,#2803,#2804,#2805,#2806,#2807),(#2808,#2809,#2810,#2811,#2812,
#2813,#2814,#2815,#2816),(#2817,#2818,#2819,#2820,#2821,#2822,#2823,#2824,
#2825),(#2826,#2827,#2828,#2829,#2830,#2831,#2832,#2833,#2834)),
 .UNSPECIFIED.,.T.,.F.,.F.,(4,1,1,1,1,1,1,1,1,2,1,1,1,1,1,4),(4,1,1,1,1,
1,4),(0.,0.05,0.1,0.15,0.2,0.25,0.3,0.35,0.4,0.5,0.6,0.65,0.7,0.8,0.9,1.),
(0.,0.142857142857143,0.285714285714286,0.571428571428571,0.714285714285714,
0.857142857142857,1.),.UNSPECIFIED.);
#14=MANIFOLD_SOLID_BREP('main',#668);
#15=MANIFOLD_SOLID_BREP('candle stand ',#669);
#16=STYLED_ITEM('',(#2875),#637);
#17=STYLED_ITEM('',(#2875),#654);
#18=STYLED_ITEM('',(#2875),#658);
#19=STYLED_ITEM('',(#2874),#14);
#20=STYLED_ITEM('',(#2877),#663);
#21=STYLED_ITEM('',(#2876),#15);
#22=(
BOUNDED_CURVE()
B_SPLINE_CURVE(5,(#973,#974,#975,#976,#977,#978,#979,#980,#981,#982,#983,
#984,#985,#986,#987,#988,#989,#990,#991,#992),.UNSPECIFIED.,.F.,.F.)
B_SPLINE_CURVE_WITH_KNOTS((6,1,1,1,1,1,1,1,1,1,1,1,1,1,1,6),(0.243390156978644,
0.28,0.32,0.36,0.4,0.44,0.48,0.52,0.56,0.6,0.64,0.68,0.72,0.76,0.8,0.829532692833385),
 .UNSPECIFIED.)
CURVE()
GEOMETRIC_REPRESENTATION_ITEM()
RATIONAL_B_SPLINE_CURVE((1.,1.,1.,1.,1.,1.,1.,1.,1.,1.,1.,1.,1.,1.,1.,1.,
1.,1.,1.,1.))
REPRESENTATION_ITEM('')
);
#23=(
BOUNDED_CURVE()
B_SPLINE_CURVE(5,(#997,#998,#999,#1000,#1001,#1002,#1003,#1004,#1005,#1006,
#1007,#1008,#1009,#1010,#1011,#1012,#1013,#1014,#1015,#1016),
 .UNSPECIFIED.,.F.,.F.)
B_SPLINE_CURVE_WITH_KNOTS((6,1,1,1,1,1,1,1,1,1,1,1,1,1,1,6),(0.243390156978644,
0.28,0.32,0.36,0.4,0.44,0.48,0.52,0.56,0.6,0.64,0.68,0.72,0.76,0.8,0.829532692833385),
 .UNSPECIFIED.)
CURVE()
GEOMETRIC_REPRESENTATION_ITEM()
RATIONAL_B_SPLINE_CURVE((1.,1.,1.,1.,1.,1.,1.,1.,1.,1.,1.,1.,1.,1.,1.,1.,
1.,1.,1.,1.))
REPRESENTATION_ITEM('')
);
#24=(
BOUNDED_CURVE()
B_SPLINE_CURVE(5,(#1154,#1155,#1156,#1157,#1158,#1159,#1160,#1161,#1162,
#1163,#1164,#1165,#1166,#1167,#1168,#1169,#1170,#1171,#1172,#1173),
 .UNSPECIFIED.,.F.,.F.)
B_SPLINE_CURVE_WITH_KNOTS((6,1,1,1,1,1,1,1,1,1,1,1,1,1,1,6),(0.243390156978644,
0.28,0.32,0.36,0.4,0.44,0.48,0.52,0.56,0.6,0.64,0.68,0.72,0.76,0.8,0.829532692833385),
 .UNSPECIFIED.)
CURVE()
GEOMETRIC_REPRESENTATION_ITEM()
RATIONAL_B_SPLINE_CURVE((1.,1.,1.,1.,1.,1.,1.,1.,1.,1.,1.,1.,1.,1.,1.,1.,
1.,1.,1.,1.))
REPRESENTATION_ITEM('')
);
#25=(
BOUNDED_CURVE()
B_SPLINE_CURVE(5,(#1301,#1302,#1303,#1304,#1305,#1306,#1307,#1308,#1309,
#1310,#1311,#1312,#1313,#1314,#1315,#1316,#1317,#1318,#1319,#1320),
 .UNSPECIFIED.,.F.,.F.)
B_SPLINE_CURVE_WITH_KNOTS((6,1,1,1,1,1,1,1,1,1,1,1,1,1,1,6),(0.243390156978644,
0.28,0.32,0.36,0.4,0.44,0.48,0.52,0.56,0.6,0.64,0.68,0.72,0.76,0.8,0.829532692833385),
 .UNSPECIFIED.)
CURVE()
GEOMETRIC_REPRESENTATION_ITEM()
RATIONAL_B_SPLINE_CURVE((1.,1.,1.,1.,1.,1.,1.,1.,1.,1.,1.,1.,1.,1.,1.,1.,
1.,1.,1.,1.))
REPRESENTATION_ITEM('')
);
#26=(
BOUNDED_CURVE()
B_SPLINE_CURVE(5,(#1448,#1449,#1450,#1451,#1452,#1453,#1454,#1455,#1456,
#1457,#1458,#1459,#1460,#1461,#1462,#1463,#1464,#1465,#1466,#1467),
 .UNSPECIFIED.,.F.,.F.)
B_SPLINE_CURVE_WITH_KNOTS((6,1,1,1,1,1,1,1,1,1,1,1,1,1,1,6),(0.243390156978644,
0.28,0.32,0.36,0.4,0.44,0.48,0.52,0.56,0.6,0.64,0.68,0.72,0.76,0.8,0.829532692833385),
 .UNSPECIFIED.)
CURVE()
GEOMETRIC_REPRESENTATION_ITEM()
RATIONAL_B_SPLINE_CURVE((1.,1.,1.,1.,1.,1.,1.,1.,1.,1.,1.,1.,1.,1.,1.,1.,
1.,1.,1.,1.))
REPRESENTATION_ITEM('')
);
#27=(
BOUNDED_CURVE()
B_SPLINE_CURVE(5,(#1595,#1596,#1597,#1598,#1599,#1600,#1601,#1602,#1603,
#1604,#1605,#1606,#1607,#1608,#1609,#1610,#1611,#1612,#1613,#1614),
 .UNSPECIFIED.,.F.,.F.)
B_SPLINE_CURVE_WITH_KNOTS((6,1,1,1,1,1,1,1,1,1,1,1,1,1,1,6),(0.243390156978644,
0.28,0.32,0.36,0.4,0.44,0.48,0.52,0.56,0.6,0.64,0.68,0.72,0.76,0.8,0.829532692833385),
 .UNSPECIFIED.)
CURVE()
GEOMETRIC_REPRESENTATION_ITEM()
RATIONAL_B_SPLINE_CURVE((1.,1.,1.,1.,1.,1.,1.,1.,1.,1.,1.,1.,1.,1.,1.,1.,
1.,1.,1.,1.))
REPRESENTATION_ITEM('')
);
#28=(
BOUNDED_CURVE()
B_SPLINE_CURVE(5,(#1742,#1743,#1744,#1745,#1746,#1747,#1748,#1749,#1750,
#1751,#1752,#1753,#1754,#1755,#1756,#1757,#1758,#1759,#1760,#1761),
 .UNSPECIFIED.,.F.,.F.)
B_SPLINE_CURVE_WITH_KNOTS((6,1,1,1,1,1,1,1,1,1,1,1,1,1,1,6),(0.243390156978644,
0.28,0.32,0.36,0.4,0.44,0.48,0.52,0.56,0.6,0.64,0.68,0.72,0.76,0.8,0.829532692833385),
 .UNSPECIFIED.)
CURVE()
GEOMETRIC_REPRESENTATION_ITEM()
RATIONAL_B_SPLINE_CURVE((1.,1.,1.,1.,1.,1.,1.,1.,1.,1.,1.,1.,1.,1.,1.,1.,
1.,1.,1.,1.))
REPRESENTATION_ITEM('')
);
#29=(
BOUNDED_CURVE()
B_SPLINE_CURVE(5,(#1768,#1769,#1770,#1771,#1772,#1773,#1774,#1775,#1776,
#1777,#1778,#1779,#1780,#1781,#1782,#1783,#1784,#1785,#1786,#1787),
 .UNSPECIFIED.,.F.,.F.)
B_SPLINE_CURVE_WITH_KNOTS((6,1,1,1,1,1,1,1,1,1,1,1,1,1,1,6),(0.243390156978644,
0.28,0.32,0.36,0.4,0.44,0.48,0.52,0.56,0.6,0.64,0.68,0.72,0.76,0.8,0.829532692833385),
 .UNSPECIFIED.)
CURVE()
GEOMETRIC_REPRESENTATION_ITEM()
RATIONAL_B_SPLINE_CURVE((1.,1.,1.,1.,1.,1.,1.,1.,1.,1.,1.,1.,1.,1.,1.,1.,
1.,1.,1.,1.))
REPRESENTATION_ITEM('')
);
#30=(
BOUNDED_CURVE()
B_SPLINE_CURVE(5,(#1958,#1959,#1960,#1961,#1962,#1963,#1964,#1965,#1966,
#1967,#1968,#1969,#1970,#1971,#1972,#1973,#1974,#1975,#1976,#1977),
 .UNSPECIFIED.,.F.,.F.)
B_SPLINE_CURVE_WITH_KNOTS((6,1,1,1,1,1,1,1,1,1,1,1,1,1,1,6),(0.243390156978644,
0.28,0.32,0.36,0.4,0.44,0.48,0.52,0.56,0.6,0.64,0.68,0.72,0.76,0.8,0.829532692833385),
 .UNSPECIFIED.)
CURVE()
GEOMETRIC_REPRESENTATION_ITEM()
RATIONAL_B_SPLINE_CURVE((1.,1.,1.,1.,1.,1.,1.,1.,1.,1.,1.,1.,1.,1.,1.,1.,
1.,1.,1.,1.))
REPRESENTATION_ITEM('')
);
#31=(
BOUNDED_CURVE()
B_SPLINE_CURVE(5,(#2003,#2004,#2005,#2006,#2007,#2008,#2009,#2010,#2011,
#2012,#2013,#2014,#2015,#2016,#2017,#2018,#2019,#2020,#2021,#2022),
 .UNSPECIFIED.,.F.,.F.)
B_SPLINE_CURVE_WITH_KNOTS((6,1,1,1,1,1,1,1,1,1,1,1,1,1,1,6),(0.243390156978644,
0.28,0.32,0.36,0.4,0.44,0.48,0.52,0.56,0.6,0.64,0.68,0.72,0.76,0.8,0.829532692833385),
 .UNSPECIFIED.)
CURVE()
GEOMETRIC_REPRESENTATION_ITEM()
RATIONAL_B_SPLINE_CURVE((1.,1.,1.,1.,1.,1.,1.,1.,1.,1.,1.,1.,1.,1.,1.,1.,
1.,1.,1.,1.))
REPRESENTATION_ITEM('')
);
#32=(
BOUNDED_CURVE()
B_SPLINE_CURVE(5,(#2149,#2150,#2151,#2152,#2153,#2154,#2155,#2156,#2157,
#2158,#2159,#2160,#2161,#2162,#2163,#2164,#2165,#2166,#2167,#2168),
 .UNSPECIFIED.,.F.,.F.)
B_SPLINE_CURVE_WITH_KNOTS((6,1,1,1,1,1,1,1,1,1,1,1,1,1,1,6),(0.243390156978644,
0.28,0.32,0.36,0.4,0.44,0.48,0.52,0.56,0.6,0.64,0.68,0.72,0.76,0.8,0.829532692833385),
 .UNSPECIFIED.)
CURVE()
GEOMETRIC_REPRESENTATION_ITEM()
RATIONAL_B_SPLINE_CURVE((1.,1.,1.,1.,1.,1.,1.,1.,1.,1.,1.,1.,1.,1.,1.,1.,
1.,1.,1.,1.))
REPRESENTATION_ITEM('')
);
#33=(
BOUNDED_CURVE()
B_SPLINE_CURVE(5,(#2175,#2176,#2177,#2178,#2179,#2180,#2181,#2182,#2183,
#2184,#2185,#2186,#2187,#2188,#2189,#2190,#2191,#2192,#2193,#2194),
 .UNSPECIFIED.,.F.,.F.)
B_SPLINE_CURVE_WITH_KNOTS((6,1,1,1,1,1,1,1,1,1,1,1,1,1,1,6),(0.243390156978644,
0.28,0.32,0.36,0.4,0.44,0.48,0.52,0.56,0.6,0.64,0.68,0.72,0.76,0.8,0.829532692833385),
 .UNSPECIFIED.)
CURVE()
GEOMETRIC_REPRESENTATION_ITEM()
RATIONAL_B_SPLINE_CURVE((1.,1.,1.,1.,1.,1.,1.,1.,1.,1.,1.,1.,1.,1.,1.,1.,
1.,1.,1.,1.))
REPRESENTATION_ITEM('')
);
#34=B_SPLINE_CURVE_WITH_KNOTS('',3,(#941,#942,#943,#944,#945,#946),
 .UNSPECIFIED.,.F.,.F.,(4,2,4),(0.0663820253101698,0.318168679055357,0.615407984341312),
 .UNSPECIFIED.);
#35=B_SPLINE_CURVE_WITH_KNOTS('',3,(#948,#949,#950,#951,#952,#953,#954,
#955,#956,#957,#958,#959,#960,#961,#962,#963,#964,#965),.UNSPECIFIED.,.F.,
 .F.,(4,2,2,2,2,2,2,2,4),(0.146031403017754,0.215213910684282,0.51653629483073,
0.884281379513424,1.48088768103404,1.85552310308361,2.00962219635726,2.12519423480885,
2.14354669229327),.UNSPECIFIED.);
#36=B_SPLINE_CURVE_WITH_KNOTS('',3,(#967,#968,#969,#970,#971,#972),
 .UNSPECIFIED.,.F.,.F.,(4,2,4),(0.,0.295630416333605,0.554501112723336),
 .UNSPECIFIED.);
#37=B_SPLINE_CURVE_WITH_KNOTS('',3,(#1110,#1111,#1112,#1113),
 .UNSPECIFIED.,.F.,.F.,(4,4),(0.0663820253101694,0.209259176437325),
 .UNSPECIFIED.);
#38=B_SPLINE_CURVE_WITH_KNOTS('',3,(#1115,#1116,#1117,#1118,#1119,#1120,
#1121,#1122,#1123,#1124,#1125,#1126,#1127,#1128,#1129,#1130,#1131,#1132),
 .UNSPECIFIED.,.F.,.F.,(4,2,2,2,2,2,2,2,4),(-2.14354669228006,-2.12519423479588,
-2.00962219634574,-1.85552310307347,-1.48088768102629,-0.884281379509986,
-0.516536294829606,-0.215213910684275,-0.14603140301774),.UNSPECIFIED.);
#39=B_SPLINE_CURVE_WITH_KNOTS('',3,(#1134,#1135,#1136,#1137),
 .UNSPECIFIED.,.F.,.F.,(4,4),(0.408759633439378,0.554501112723349),
 .UNSPECIFIED.);
#40=B_SPLINE_CURVE_WITH_KNOTS('',3,(#1138,#1139,#1140,#1141,#1142,#1143),
 .UNSPECIFIED.,.F.,.F.,(4,2,4),(0.,0.295630416333609,0.408759633439378),
 .UNSPECIFIED.);
#41=B_SPLINE_CURVE_WITH_KNOTS('',3,(#1144,#1145,#1146,#1147,#1148,#1149),
 .UNSPECIFIED.,.F.,.F.,(4,2,4),(0.209259176437325,0.318168679055353,0.615407984341307),
 .UNSPECIFIED.);
#42=B_SPLINE_CURVE_WITH_KNOTS('',3,(#1266,#1267,#1268,#1269,#1270,#1271),
 .UNSPECIFIED.,.F.,.F.,(4,2,4),(0.0663820253101701,0.318168679055355,0.615407984341308),
 .UNSPECIFIED.);
#43=B_SPLINE_CURVE_WITH_KNOTS('',3,(#1273,#1274,#1275,#1276,#1277,#1278,
#1279,#1280,#1281,#1282,#1283,#1284,#1285,#1286,#1287,#1288,#1289,#1290),
 .UNSPECIFIED.,.F.,.F.,(4,2,2,2,2,2,2,2,4),(-2.14354669229839,-2.12519423481398,
-2.00962219636245,-1.85552310308857,-1.48088768103776,-0.884281379515415,
-0.516536294831444,-0.215213910684306,-0.146031403017783),.UNSPECIFIED.);
#44=B_SPLINE_CURVE_WITH_KNOTS('',3,(#1291,#1292,#1293,#1294,#1295,#1296),
 .UNSPECIFIED.,.F.,.F.,(4,2,4),(0.,0.29563041633361,0.554501112723353),
 .UNSPECIFIED.);
#45=B_SPLINE_CURVE_WITH_KNOTS('',3,(#1413,#1414,#1415,#1416,#1417,#1418),
 .UNSPECIFIED.,.F.,.F.,(4,2,4),(0.06638202531017,0.318168679055355,0.615407984341314),
 .UNSPECIFIED.);
#46=B_SPLINE_CURVE_WITH_KNOTS('',3,(#1420,#1421,#1422,#1423,#1424,#1425,
#1426,#1427,#1428,#1429,#1430,#1431,#1432,#1433,#1434,#1435,#1436,#1437),
 .UNSPECIFIED.,.F.,.F.,(4,2,2,2,2,2,2,2,4),(-2.14354669227625,-2.12519423479206,
-2.009622196342,-1.85552310307007,-1.48088768102398,-0.884281379508893,
-0.516536294829336,-0.215213910684293,-0.146031403017782),.UNSPECIFIED.);
#47=B_SPLINE_CURVE_WITH_KNOTS('',3,(#1438,#1439,#1440,#1441,#1442,#1443),
 .UNSPECIFIED.,.F.,.F.,(4,2,4),(0.,0.29563041633361,0.554501112723358),
 .UNSPECIFIED.);
#48=B_SPLINE_CURVE_WITH_KNOTS('',3,(#1560,#1561,#1562,#1563,#1564,#1565),
 .UNSPECIFIED.,.F.,.F.,(4,2,4),(0.0663820253101697,0.318168679055356,0.615407984341305),
 .UNSPECIFIED.);
#49=B_SPLINE_CURVE_WITH_KNOTS('',3,(#1567,#1568,#1569,#1570,#1571,#1572,
#1573,#1574,#1575,#1576,#1577,#1578,#1579,#1580,#1581,#1582,#1583,#1584),
 .UNSPECIFIED.,.F.,.F.,(4,2,2,2,2,2,2,2,4),(0.146031403017733,0.215213910684271,
0.516536294828569,0.884281379506904,1.48088768101989,1.85552310306598,2.0096221963379,
2.12519423478772,2.14354669227185),.UNSPECIFIED.);
#50=B_SPLINE_CURVE_WITH_KNOTS('',3,(#1585,#1586,#1587,#1588,#1589,#1590),
 .UNSPECIFIED.,.F.,.F.,(4,2,4),(0.,0.29563041633361,0.554501112723354),
 .UNSPECIFIED.);
#51=B_SPLINE_CURVE_WITH_KNOTS('',3,(#1707,#1708,#1709,#1710,#1711,#1712),
 .UNSPECIFIED.,.F.,.F.,(4,2,4),(0.0663820253101705,0.318168679055357,0.615407984341315),
 .UNSPECIFIED.);
#52=B_SPLINE_CURVE_WITH_KNOTS('',3,(#1714,#1715,#1716,#1717,#1718,#1719,
#1720,#1721,#1722,#1723,#1724,#1725,#1726,#1727,#1728,#1729,#1730,#1731),
 .UNSPECIFIED.,.F.,.F.,(4,2,2,2,2,2,2,2,4),(-2.14354669228658,-2.12519423480227,
-2.00962219635126,-1.85552310307854,-1.48088768103121,-0.884281379512031,
-0.516536294830211,-0.21521391068426,-0.146031403017721),.UNSPECIFIED.);
#53=B_SPLINE_CURVE_WITH_KNOTS('',3,(#1732,#1733,#1734,#1735,#1736,#1737),
 .UNSPECIFIED.,.F.,.F.,(4,2,4),(0.,0.295630416333614,0.554501112723367),
 .UNSPECIFIED.);
#54=B_SPLINE_CURVE_WITH_KNOTS('',3,(#1790,#1791,#1792,#1793,#1794,#1795,
#1796,#1797,#1798,#1799,#1800,#1801,#1802,#1803,#1804,#1805,#1806,#1807),
 .UNSPECIFIED.,.F.,.F.,(4,2,2,2,2,2,2,2,4),(-2.14354669227961,-2.12519423479568,
-2.00962219634701,-1.8555231030736,-1.48088768102008,-0.884281379506712,
-0.516536294828611,-0.215213910684293,-0.14603140301776),.UNSPECIFIED.);
#55=B_SPLINE_CURVE_WITH_KNOTS('',3,(#1899,#1900,#1901,#1902,#1903,#1904),
 .UNSPECIFIED.,.F.,.F.,(4,2,4),(0.0663820253101705,0.318168679055357,0.615407984341307),
 .UNSPECIFIED.);
#56=B_SPLINE_CURVE_WITH_KNOTS('',3,(#1906,#1907,#1908,#1909,#1910,#1911,
#1912,#1913,#1914,#1915,#1916,#1917,#1918,#1919,#1920,#1921,#1922,#1923),
 .UNSPECIFIED.,.F.,.F.,(4,2,2,2,2,2,2,2,4),(0.146031403017732,0.215213910684262,
0.516536294833503,0.884281379522354,1.48088768105183,1.85552310310613,2.00962219638021,
2.12519423483089,2.1435466923152),.UNSPECIFIED.);
#57=B_SPLINE_CURVE_WITH_KNOTS('',3,(#1924,#1925,#1926,#1927,#1928,#1929),
 .UNSPECIFIED.,.F.,.F.,(4,2,4),(0.,0.295630416333609,0.554501112723355),
 .UNSPECIFIED.);
#58=B_SPLINE_CURVE_WITH_KNOTS('',3,(#1935,#1936,#1937,#1938,#1939,#1940,
#1941,#1942,#1943,#1944,#1945,#1946,#1947,#1948,#1949,#1950,#1951,#1952),
 .UNSPECIFIED.,.F.,.F.,(4,2,2,2,2,2,2,2,4),(-2.14354669229988,-2.12519423481528,
-2.00962219636261,-1.85552310308922,-1.48088768104207,-0.884281379517424,
-0.516536294831953,-0.215213910684274,-0.146031403017739),.UNSPECIFIED.);
#59=B_SPLINE_CURVE_WITH_KNOTS('',3,(#1980,#1981,#1982,#1983,#1984,#1985,
#1986,#1987,#1988,#1989,#1990,#1991,#1992,#1993,#1994,#1995,#1996,#1997),
 .UNSPECIFIED.,.F.,.F.,(4,2,2,2,2,2,2,2,4),(0.14603140301779,0.215213910684307,
0.516536294823003,0.884281379489057,1.48088768098231,1.85552310301514,2.00962219628128,
2.1251942347266,2.14354669220999),.UNSPECIFIED.);
#60=B_SPLINE_CURVE_WITH_KNOTS('',3,(#2025,#2026,#2027,#2028,#2029,#2030,
#2031,#2032,#2033,#2034,#2035,#2036,#2037,#2038,#2039,#2040,#2041,#2042),
 .UNSPECIFIED.,.F.,.F.,(4,2,2,2,2,2,2,2,4),(-2.14354669229098,-2.12519423480679,
-2.00962219635666,-1.8555231030836,-1.48088768103324,-0.884281379513498,
-0.516536294830841,-0.215213910684301,-0.146031403017787),.UNSPECIFIED.);
#61=B_SPLINE_CURVE_WITH_KNOTS('',3,(#2133,#2134,#2135,#2136,#2137,#2138),
 .UNSPECIFIED.,.F.,.F.,(4,2,4),(0.0663820253101703,0.318168679055359,0.615407984341315),
 .UNSPECIFIED.);
#62=B_SPLINE_CURVE_WITH_KNOTS('',3,(#2139,#2140,#2141,#2142,#2143,#2144),
 .UNSPECIFIED.,.F.,.F.,(4,2,4),(0.,0.295630416333602,0.554501112723327),
 .UNSPECIFIED.);
#63=B_SPLINE_CURVE_WITH_KNOTS('',3,(#2197,#2198,#2199,#2200,#2201,#2202,
#2203,#2204,#2205,#2206,#2207,#2208,#2209,#2210,#2211,#2212,#2213,#2214),
 .UNSPECIFIED.,.F.,.F.,(4,2,2,2,2,2,2,2,4),(-2.1435466923079,-2.12519423482339,
-2.0096221963712,-1.85552310309634,-1.48088768104314,-0.884281379517867,
-0.516536294832012,-0.215213910684263,-0.146031403017713),.UNSPECIFIED.);
#64=B_SPLINE_CURVE_WITH_KNOTS('',3,(#2305,#2306,#2307,#2308,#2309,#2310),
 .UNSPECIFIED.,.F.,.F.,(4,2,4),(0.0663820253101695,0.318168679055351,0.615407984341295),
 .UNSPECIFIED.);
#65=B_SPLINE_CURVE_WITH_KNOTS('',3,(#2311,#2312,#2313,#2314,#2315,#2316),
 .UNSPECIFIED.,.F.,.F.,(4,2,4),(0.,0.295630416333607,0.554501112723346),
 .UNSPECIFIED.);
#66=B_SPLINE_CURVE_WITH_KNOTS('',3,(#2407,#2408,#2409,#2410,#2411,#2412),
 .UNSPECIFIED.,.F.,.F.,(4,2,4),(0.06638202531017,0.31816867905536,0.615407984341322),
 .UNSPECIFIED.);
#67=B_SPLINE_CURVE_WITH_KNOTS('',3,(#2413,#2414,#2415,#2416,#2417,#2418),
 .UNSPECIFIED.,.F.,.F.,(4,2,4),(0.,0.295630416333605,0.554501112723333),
 .UNSPECIFIED.);
#68=B_SPLINE_CURVE_WITH_KNOTS('',3,(#2509,#2510,#2511,#2512,#2513,#2514),
 .UNSPECIFIED.,.F.,.F.,(4,2,4),(0.0663820253101699,0.318168679055351,0.6154079843413),
 .UNSPECIFIED.);
#69=B_SPLINE_CURVE_WITH_KNOTS('',3,(#2515,#2516,#2517,#2518,#2519,#2520),
 .UNSPECIFIED.,.F.,.F.,(4,2,4),(0.,0.295630416333615,0.554501112723374),
 .UNSPECIFIED.);
#70=B_SPLINE_CURVE_WITH_KNOTS('',3,(#2611,#2612,#2613,#2614,#2615,#2616),
 .UNSPECIFIED.,.F.,.F.,(4,2,4),(0.0663820253101703,0.318168679055353,0.615407984341305),
 .UNSPECIFIED.);
#71=B_SPLINE_CURVE_WITH_KNOTS('',3,(#2617,#2618,#2619,#2620,#2621,#2622),
 .UNSPECIFIED.,.F.,.F.,(4,2,4),(0.,0.295630416333606,0.55450111272334),
 .UNSPECIFIED.);
#72=B_SPLINE_CURVE_WITH_KNOTS('',3,(#2835,#2836,#2837,#2838,#2839,#2840,
#2841,#2842,#2843,#2844,#2845,#2846,#2847,#2848,#2849,#2850,#2851,#2852,
#2853),.UNSPECIFIED.,.F.,.F.,(4,3,3,3,3,3,4),(-1.,-0.857142857142857,-0.714285714285714,
-0.428571428571429,-0.285714285714286,-0.142857142857143,0.),
 .UNSPECIFIED.);
#73=(
BOUNDED_SURFACE()
B_SPLINE_SURFACE(5,2,((#849,#850,#851),(#852,#853,#854),(#855,#856,#857),
(#858,#859,#860),(#861,#862,#863),(#864,#865,#866),(#867,#868,#869),(#870,
#871,#872),(#873,#874,#875),(#876,#877,#878),(#879,#880,#881),(#882,#883,
#884),(#885,#886,#887),(#888,#889,#890),(#891,#892,#893),(#894,#895,#896),
(#897,#898,#899),(#900,#901,#902),(#903,#904,#905),(#906,#907,#908),(#909,
#910,#911),(#912,#913,#914),(#915,#916,#917),(#918,#919,#920),(#921,#922,
#923),(#924,#925,#926),(#927,#928,#929),(#930,#931,#932),(#933,#934,#935),
(#936,#937,#938)),.UNSPECIFIED.,.F.,.F.,.F.)
B_SPLINE_SURFACE_WITH_KNOTS((6,1,1,1,1,1,1,1,1,1,1,1,1,1,1,1,1,1,1,1,1,
1,1,1,1,6),(3,3),(0.,0.04,0.08,0.12,0.16,0.2,0.24,0.28,0.32,0.36,0.4,0.44,
0.48,0.52,0.56,0.6,0.64,0.68,0.72,0.76,0.8,0.84,0.88,0.92,0.96,1.),(0.,
1.0471975511966),.UNSPECIFIED.)
GEOMETRIC_REPRESENTATION_ITEM()
RATIONAL_B_SPLINE_SURFACE(((1.,0.866025403784439,1.),(1.,0.866025403784439,
1.),(1.,0.866025403784439,1.),(1.,0.866025403784439,1.),(1.,0.866025403784439,
1.),(1.,0.866025403784439,1.),(1.,0.866025403784439,1.),(1.,0.866025403784439,
1.),(1.,0.866025403784439,1.),(1.,0.866025403784439,1.),(1.,0.866025403784439,
1.),(1.,0.866025403784439,1.),(1.,0.866025403784439,1.),(1.,0.866025403784439,
1.),(1.,0.866025403784439,1.),(1.,0.866025403784439,1.),(1.,0.866025403784439,
1.),(1.,0.866025403784439,1.),(1.,0.866025403784439,1.),(1.,0.866025403784439,
1.),(1.,0.866025403784439,1.),(1.,0.866025403784439,1.),(1.,0.866025403784439,
1.),(1.,0.866025403784439,1.),(1.,0.866025403784439,1.),(1.,0.866025403784439,
1.),(1.,0.866025403784439,1.),(1.,0.866025403784439,1.),(1.,0.866025403784439,
1.),(1.,0.866025403784439,1.)))
REPRESENTATION_ITEM('')
SURFACE()
);
#74=(
BOUNDED_SURFACE()
B_SPLINE_SURFACE(5,2,((#1018,#1019,#1020),(#1021,#1022,#1023),(#1024,#1025,
#1026),(#1027,#1028,#1029),(#1030,#1031,#1032),(#1033,#1034,#1035),(#1036,
#1037,#1038),(#1039,#1040,#1041),(#1042,#1043,#1044),(#1045,#1046,#1047),
(#1048,#1049,#1050),(#1051,#1052,#1053),(#1054,#1055,#1056),(#1057,#1058,
#1059),(#1060,#1061,#1062),(#1063,#1064,#1065),(#1066,#1067,#1068),(#1069,
#1070,#1071),(#1072,#1073,#1074),(#1075,#1076,#1077),(#1078,#1079,#1080),
(#1081,#1082,#1083),(#1084,#1085,#1086),(#1087,#1088,#1089),(#1090,#1091,
#1092),(#1093,#1094,#1095),(#1096,#1097,#1098),(#1099,#1100,#1101),(#1102,
#1103,#1104),(#1105,#1106,#1107)),.UNSPECIFIED.,.F.,.F.,.F.)
B_SPLINE_SURFACE_WITH_KNOTS((6,1,1,1,1,1,1,1,1,1,1,1,1,1,1,1,1,1,1,1,1,
1,1,1,1,6),(3,3),(0.,0.04,0.08,0.12,0.16,0.2,0.24,0.28,0.32,0.36,0.4,0.44,
0.48,0.52,0.56,0.6,0.64,0.68,0.72,0.76,0.8,0.84,0.88,0.92,0.96,1.),(0.,
1.0471975511966),.UNSPECIFIED.)
GEOMETRIC_REPRESENTATION_ITEM()
RATIONAL_B_SPLINE_SURFACE(((1.,0.866025403784439,1.),(1.,0.866025403784439,
1.),(1.,0.866025403784439,1.),(1.,0.866025403784439,1.),(1.,0.866025403784439,
1.),(1.,0.866025403784439,1.),(1.,0.866025403784439,1.),(1.,0.866025403784439,
1.),(1.,0.866025403784439,1.),(1.,0.866025403784439,1.),(1.,0.866025403784439,
1.),(1.,0.866025403784439,1.),(1.,0.866025403784439,1.),(1.,0.866025403784439,
1.),(1.,0.866025403784439,1.),(1.,0.866025403784439,1.),(1.,0.866025403784439,
1.),(1.,0.866025403784439,1.),(1.,0.866025403784439,1.),(1.,0.866025403784439,
1.),(1.,0.866025403784439,1.),(1.,0.866025403784439,1.),(1.,0.866025403784439,
1.),(1.,0.866025403784439,1.),(1.,0.866025403784439,1.),(1.,0.866025403784439,
1.),(1.,0.866025403784439,1.),(1.,0.866025403784439,1.),(1.,0.866025403784439,
1.),(1.,0.866025403784439,1.)))
REPRESENTATION_ITEM('')
SURFACE()
);
#75=(
BOUNDED_SURFACE()
B_SPLINE_SURFACE(5,2,((#1175,#1176,#1177),(#1178,#1179,#1180),(#1181,#1182,
#1183),(#1184,#1185,#1186),(#1187,#1188,#1189),(#1190,#1191,#1192),(#1193,
#1194,#1195),(#1196,#1197,#1198),(#1199,#1200,#1201),(#1202,#1203,#1204),
(#1205,#1206,#1207),(#1208,#1209,#1210),(#1211,#1212,#1213),(#1214,#1215,
#1216),(#1217,#1218,#1219),(#1220,#1221,#1222),(#1223,#1224,#1225),(#1226,
#1227,#1228),(#1229,#1230,#1231),(#1232,#1233,#1234),(#1235,#1236,#1237),
(#1238,#1239,#1240),(#1241,#1242,#1243),(#1244,#1245,#1246),(#1247,#1248,
#1249),(#1250,#1251,#1252),(#1253,#1254,#1255),(#1256,#1257,#1258),(#1259,
#1260,#1261),(#1262,#1263,#1264)),.UNSPECIFIED.,.F.,.F.,.F.)
B_SPLINE_SURFACE_WITH_KNOTS((6,1,1,1,1,1,1,1,1,1,1,1,1,1,1,1,1,1,1,1,1,
1,1,1,1,6),(3,3),(0.,0.04,0.08,0.12,0.16,0.2,0.24,0.28,0.32,0.36,0.4,0.44,
0.48,0.52,0.56,0.6,0.64,0.68,0.72,0.76,0.8,0.84,0.88,0.92,0.96,1.),(0.,
1.0471975511966),.UNSPECIFIED.)
GEOMETRIC_REPRESENTATION_ITEM()
RATIONAL_B_SPLINE_SURFACE(((1.,0.866025403784439,1.),(1.,0.866025403784439,
1.),(1.,0.866025403784439,1.),(1.,0.866025403784439,1.),(1.,0.866025403784439,
1.),(1.,0.866025403784439,1.),(1.,0.866025403784439,1.),(1.,0.866025403784439,
1.),(1.,0.866025403784439,1.),(1.,0.866025403784439,1.),(1.,0.866025403784439,
1.),(1.,0.866025403784439,1.),(1.,0.866025403784439,1.),(1.,0.866025403784439,
1.),(1.,0.866025403784439,1.),(1.,0.866025403784439,1.),(1.,0.866025403784439,
1.),(1.,0.866025403784439,1.),(1.,0.866025403784439,1.),(1.,0.866025403784439,
1.),(1.,0.866025403784439,1.),(1.,0.866025403784439,1.),(1.,0.866025403784439,
1.),(1.,0.866025403784439,1.),(1.,0.866025403784439,1.),(1.,0.866025403784439,
1.),(1.,0.866025403784439,1.),(1.,0.866025403784439,1.),(1.,0.866025403784439,
1.),(1.,0.866025403784439,1.)))
REPRESENTATION_ITEM('')
SURFACE()
);
#76=(
BOUNDED_SURFACE()
B_SPLINE_SURFACE(5,2,((#1322,#1323,#1324),(#1325,#1326,#1327),(#1328,#1329,
#1330),(#1331,#1332,#1333),(#1334,#1335,#1336),(#1337,#1338,#1339),(#1340,
#1341,#1342),(#1343,#1344,#1345),(#1346,#1347,#1348),(#1349,#1350,#1351),
(#1352,#1353,#1354),(#1355,#1356,#1357),(#1358,#1359,#1360),(#1361,#1362,
#1363),(#1364,#1365,#1366),(#1367,#1368,#1369),(#1370,#1371,#1372),(#1373,
#1374,#1375),(#1376,#1377,#1378),(#1379,#1380,#1381),(#1382,#1383,#1384),
(#1385,#1386,#1387),(#1388,#1389,#1390),(#1391,#1392,#1393),(#1394,#1395,
#1396),(#1397,#1398,#1399),(#1400,#1401,#1402),(#1403,#1404,#1405),(#1406,
#1407,#1408),(#1409,#1410,#1411)),.UNSPECIFIED.,.F.,.F.,.F.)
B_SPLINE_SURFACE_WITH_KNOTS((6,1,1,1,1,1,1,1,1,1,1,1,1,1,1,1,1,1,1,1,1,
1,1,1,1,6),(3,3),(0.,0.04,0.08,0.12,0.16,0.2,0.24,0.28,0.32,0.36,0.4,0.44,
0.48,0.52,0.56,0.6,0.64,0.68,0.72,0.76,0.8,0.84,0.88,0.92,0.96,1.),(0.,
1.0471975511966),.UNSPECIFIED.)
GEOMETRIC_REPRESENTATION_ITEM()
RATIONAL_B_SPLINE_SURFACE(((1.,0.866025403784439,1.),(1.,0.866025403784439,
1.),(1.,0.866025403784439,1.),(1.,0.866025403784439,1.),(1.,0.866025403784439,
1.),(1.,0.866025403784439,1.),(1.,0.866025403784439,1.),(1.,0.866025403784439,
1.),(1.,0.866025403784439,1.),(1.,0.866025403784439,1.),(1.,0.866025403784439,
1.),(1.,0.866025403784439,1.),(1.,0.866025403784439,1.),(1.,0.866025403784439,
1.),(1.,0.866025403784439,1.),(1.,0.866025403784439,1.),(1.,0.866025403784439,
1.),(1.,0.866025403784439,1.),(1.,0.866025403784439,1.),(1.,0.866025403784439,
1.),(1.,0.866025403784439,1.),(1.,0.866025403784439,1.),(1.,0.866025403784439,
1.),(1.,0.866025403784439,1.),(1.,0.866025403784439,1.),(1.,0.866025403784439,
1.),(1.,0.866025403784439,1.),(1.,0.866025403784439,1.),(1.,0.866025403784439,
1.),(1.,0.866025403784439,1.)))
REPRESENTATION_ITEM('')
SURFACE()
);
#77=(
BOUNDED_SURFACE()
B_SPLINE_SURFACE(5,2,((#1469,#1470,#1471),(#1472,#1473,#1474),(#1475,#1476,
#1477),(#1478,#1479,#1480),(#1481,#1482,#1483),(#1484,#1485,#1486),(#1487,
#1488,#1489),(#1490,#1491,#1492),(#1493,#1494,#1495),(#1496,#1497,#1498),
(#1499,#1500,#1501),(#1502,#1503,#1504),(#1505,#1506,#1507),(#1508,#1509,
#1510),(#1511,#1512,#1513),(#1514,#1515,#1516),(#1517,#1518,#1519),(#1520,
#1521,#1522),(#1523,#1524,#1525),(#1526,#1527,#1528),(#1529,#1530,#1531),
(#1532,#1533,#1534),(#1535,#1536,#1537),(#1538,#1539,#1540),(#1541,#1542,
#1543),(#1544,#1545,#1546),(#1547,#1548,#1549),(#1550,#1551,#1552),(#1553,
#1554,#1555),(#1556,#1557,#1558)),.UNSPECIFIED.,.F.,.F.,.F.)
B_SPLINE_SURFACE_WITH_KNOTS((6,1,1,1,1,1,1,1,1,1,1,1,1,1,1,1,1,1,1,1,1,
1,1,1,1,6),(3,3),(0.,0.04,0.08,0.12,0.16,0.2,0.24,0.28,0.32,0.36,0.4,0.44,
0.48,0.52,0.56,0.6,0.64,0.68,0.72,0.76,0.8,0.84,0.88,0.92,0.96,1.),(0.,
1.0471975511966),.UNSPECIFIED.)
GEOMETRIC_REPRESENTATION_ITEM()
RATIONAL_B_SPLINE_SURFACE(((1.,0.866025403784439,1.),(1.,0.866025403784439,
1.),(1.,0.866025403784439,1.),(1.,0.866025403784439,1.),(1.,0.866025403784439,
1.),(1.,0.866025403784439,1.),(1.,0.866025403784439,1.),(1.,0.866025403784439,
1.),(1.,0.866025403784439,1.),(1.,0.866025403784439,1.),(1.,0.866025403784439,
1.),(1.,0.866025403784439,1.),(1.,0.866025403784439,1.),(1.,0.866025403784439,
1.),(1.,0.866025403784439,1.),(1.,0.866025403784439,1.),(1.,0.866025403784439,
1.),(1.,0.866025403784439,1.),(1.,0.866025403784439,1.),(1.,0.866025403784439,
1.),(1.,0.866025403784439,1.),(1.,0.866025403784439,1.),(1.,0.866025403784439,
1.),(1.,0.866025403784439,1.),(1.,0.866025403784439,1.),(1.,0.866025403784439,
1.),(1.,0.866025403784439,1.),(1.,0.866025403784439,1.),(1.,0.866025403784439,
1.),(1.,0.866025403784439,1.)))
REPRESENTATION_ITEM('')
SURFACE()
);
#78=(
BOUNDED_SURFACE()
B_SPLINE_SURFACE(5,2,((#1616,#1617,#1618),(#1619,#1620,#1621),(#1622,#1623,
#1624),(#1625,#1626,#1627),(#1628,#1629,#1630),(#1631,#1632,#1633),(#1634,
#1635,#1636),(#1637,#1638,#1639),(#1640,#1641,#1642),(#1643,#1644,#1645),
(#1646,#1647,#1648),(#1649,#1650,#1651),(#1652,#1653,#1654),(#1655,#1656,
#1657),(#1658,#1659,#1660),(#1661,#1662,#1663),(#1664,#1665,#1666),(#1667,
#1668,#1669),(#1670,#1671,#1672),(#1673,#1674,#1675),(#1676,#1677,#1678),
(#1679,#1680,#1681),(#1682,#1683,#1684),(#1685,#1686,#1687),(#1688,#1689,
#1690),(#1691,#1692,#1693),(#1694,#1695,#1696),(#1697,#1698,#1699),(#1700,
#1701,#1702),(#1703,#1704,#1705)),.UNSPECIFIED.,.F.,.F.,.F.)
B_SPLINE_SURFACE_WITH_KNOTS((6,1,1,1,1,1,1,1,1,1,1,1,1,1,1,1,1,1,1,1,1,
1,1,1,1,6),(3,3),(0.,0.04,0.08,0.12,0.16,0.2,0.24,0.28,0.32,0.36,0.4,0.44,
0.48,0.52,0.56,0.6,0.64,0.68,0.72,0.76,0.8,0.84,0.88,0.92,0.96,1.),(0.,
1.0471975511966),.UNSPECIFIED.)
GEOMETRIC_REPRESENTATION_ITEM()
RATIONAL_B_SPLINE_SURFACE(((1.,0.866025403784439,1.),(1.,0.866025403784439,
1.),(1.,0.866025403784439,1.),(1.,0.866025403784439,1.),(1.,0.866025403784439,
1.),(1.,0.866025403784439,1.),(1.,0.866025403784439,1.),(1.,0.866025403784439,
1.),(1.,0.866025403784439,1.),(1.,0.866025403784439,1.),(1.,0.866025403784439,
1.),(1.,0.866025403784439,1.),(1.,0.866025403784439,1.),(1.,0.866025403784439,
1.),(1.,0.866025403784439,1.),(1.,0.866025403784439,1.),(1.,0.866025403784439,
1.),(1.,0.866025403784439,1.),(1.,0.866025403784439,1.),(1.,0.866025403784439,
1.),(1.,0.866025403784439,1.),(1.,0.866025403784439,1.),(1.,0.866025403784439,
1.),(1.,0.866025403784439,1.),(1.,0.866025403784439,1.),(1.,0.866025403784439,
1.),(1.,0.866025403784439,1.),(1.,0.866025403784439,1.),(1.,0.866025403784439,
1.),(1.,0.866025403784439,1.)))
REPRESENTATION_ITEM('')
SURFACE()
);
#79=(
BOUNDED_SURFACE()
B_SPLINE_SURFACE(5,2,((#1808,#1809,#1810),(#1811,#1812,#1813),(#1814,#1815,
#1816),(#1817,#1818,#1819),(#1820,#1821,#1822),(#1823,#1824,#1825),(#1826,
#1827,#1828),(#1829,#1830,#1831),(#1832,#1833,#1834),(#1835,#1836,#1837),
(#1838,#1839,#1840),(#1841,#1842,#1843),(#1844,#1845,#1846),(#1847,#1848,
#1849),(#1850,#1851,#1852),(#1853,#1854,#1855),(#1856,#1857,#1858),(#1859,
#1860,#1861),(#1862,#1863,#1864),(#1865,#1866,#1867),(#1868,#1869,#1870),
(#1871,#1872,#1873),(#1874,#1875,#1876),(#1877,#1878,#1879),(#1880,#1881,
#1882),(#1883,#1884,#1885),(#1886,#1887,#1888),(#1889,#1890,#1891),(#1892,
#1893,#1894),(#1895,#1896,#1897)),.UNSPECIFIED.,.F.,.F.,.F.)
B_SPLINE_SURFACE_WITH_KNOTS((6,1,1,1,1,1,1,1,1,1,1,1,1,1,1,1,1,1,1,1,1,
1,1,1,1,6),(3,3),(0.,0.04,0.08,0.12,0.16,0.2,0.24,0.28,0.32,0.36,0.4,0.44,
0.48,0.52,0.56,0.6,0.64,0.68,0.72,0.76,0.8,0.84,0.88,0.92,0.96,1.),(0.,
1.0471975511966),.UNSPECIFIED.)
GEOMETRIC_REPRESENTATION_ITEM()
RATIONAL_B_SPLINE_SURFACE(((1.,0.866025403784439,1.),(1.,0.866025403784439,
1.),(1.,0.866025403784439,1.),(1.,0.866025403784439,1.),(1.,0.866025403784439,
1.),(1.,0.866025403784439,1.),(1.,0.866025403784439,1.),(1.,0.866025403784439,
1.),(1.,0.866025403784439,1.),(1.,0.866025403784439,1.),(1.,0.866025403784439,
1.),(1.,0.866025403784439,1.),(1.,0.866025403784439,1.),(1.,0.866025403784439,
1.),(1.,0.866025403784439,1.),(1.,0.866025403784439,1.),(1.,0.866025403784439,
1.),(1.,0.866025403784439,1.),(1.,0.866025403784439,1.),(1.,0.866025403784439,
1.),(1.,0.866025403784439,1.),(1.,0.866025403784439,1.),(1.,0.866025403784439,
1.),(1.,0.866025403784439,1.),(1.,0.866025403784439,1.),(1.,0.866025403784439,
1.),(1.,0.866025403784439,1.),(1.,0.866025403784439,1.),(1.,0.866025403784439,
1.),(1.,0.866025403784439,1.)))
REPRESENTATION_ITEM('')
SURFACE()
);
#80=(
BOUNDED_SURFACE()
B_SPLINE_SURFACE(5,2,((#2043,#2044,#2045),(#2046,#2047,#2048),(#2049,#2050,
#2051),(#2052,#2053,#2054),(#2055,#2056,#2057),(#2058,#2059,#2060),(#2061,
#2062,#2063),(#2064,#2065,#2066),(#2067,#2068,#2069),(#2070,#2071,#2072),
(#2073,#2074,#2075),(#2076,#2077,#2078),(#2079,#2080,#2081),(#2082,#2083,
#2084),(#2085,#2086,#2087),(#2088,#2089,#2090),(#2091,#2092,#2093),(#2094,
#2095,#2096),(#2097,#2098,#2099),(#2100,#2101,#2102),(#2103,#2104,#2105),
(#2106,#2107,#2108),(#2109,#2110,#2111),(#2112,#2113,#2114),(#2115,#2116,
#2117),(#2118,#2119,#2120),(#2121,#2122,#2123),(#2124,#2125,#2126),(#2127,
#2128,#2129),(#2130,#2131,#2132)),.UNSPECIFIED.,.F.,.F.,.F.)
B_SPLINE_SURFACE_WITH_KNOTS((6,1,1,1,1,1,1,1,1,1,1,1,1,1,1,1,1,1,1,1,1,
1,1,1,1,6),(3,3),(0.,0.04,0.08,0.12,0.16,0.2,0.24,0.28,0.32,0.36,0.4,0.44,
0.48,0.52,0.56,0.6,0.64,0.68,0.72,0.76,0.8,0.84,0.88,0.92,0.96,1.),(0.,
1.0471975511966),.UNSPECIFIED.)
GEOMETRIC_REPRESENTATION_ITEM()
RATIONAL_B_SPLINE_SURFACE(((1.,0.866025403784439,1.),(1.,0.866025403784439,
1.),(1.,0.866025403784439,1.),(1.,0.866025403784439,1.),(1.,0.866025403784439,
1.),(1.,0.866025403784439,1.),(1.,0.866025403784439,1.),(1.,0.866025403784439,
1.),(1.,0.866025403784439,1.),(1.,0.866025403784439,1.),(1.,0.866025403784439,
1.),(1.,0.866025403784439,1.),(1.,0.866025403784439,1.),(1.,0.866025403784439,
1.),(1.,0.866025403784439,1.),(1.,0.866025403784439,1.),(1.,0.866025403784439,
1.),(1.,0.866025403784439,1.),(1.,0.866025403784439,1.),(1.,0.866025403784439,
1.),(1.,0.866025403784439,1.),(1.,0.866025403784439,1.),(1.,0.866025403784439,
1.),(1.,0.866025403784439,1.),(1.,0.866025403784439,1.),(1.,0.866025403784439,
1.),(1.,0.866025403784439,1.),(1.,0.866025403784439,1.),(1.,0.866025403784439,
1.),(1.,0.866025403784439,1.)))
REPRESENTATION_ITEM('')
SURFACE()
);
#81=(
BOUNDED_SURFACE()
B_SPLINE_SURFACE(5,2,((#2215,#2216,#2217),(#2218,#2219,#2220),(#2221,#2222,
#2223),(#2224,#2225,#2226),(#2227,#2228,#2229),(#2230,#2231,#2232),(#2233,
#2234,#2235),(#2236,#2237,#2238),(#2239,#2240,#2241),(#2242,#2243,#2244),
(#2245,#2246,#2247),(#2248,#2249,#2250),(#2251,#2252,#2253),(#2254,#2255,
#2256),(#2257,#2258,#2259),(#2260,#2261,#2262),(#2263,#2264,#2265),(#2266,
#2267,#2268),(#2269,#2270,#2271),(#2272,#2273,#2274),(#2275,#2276,#2277),
(#2278,#2279,#2280),(#2281,#2282,#2283),(#2284,#2285,#2286),(#2287,#2288,
#2289),(#2290,#2291,#2292),(#2293,#2294,#2295),(#2296,#2297,#2298),(#2299,
#2300,#2301),(#2302,#2303,#2304)),.UNSPECIFIED.,.F.,.F.,.F.)
B_SPLINE_SURFACE_WITH_KNOTS((6,1,1,1,1,1,1,1,1,1,1,1,1,1,1,1,1,1,1,1,1,
1,1,1,1,6),(3,3),(0.,0.04,0.08,0.12,0.16,0.2,0.24,0.28,0.32,0.36,0.4,0.44,
0.48,0.52,0.56,0.6,0.64,0.68,0.72,0.76,0.8,0.84,0.88,0.92,0.96,1.),(0.,
1.0471975511966),.UNSPECIFIED.)
GEOMETRIC_REPRESENTATION_ITEM()
RATIONAL_B_SPLINE_SURFACE(((1.,0.866025403784439,1.),(1.,0.866025403784439,
1.),(1.,0.866025403784439,1.),(1.,0.866025403784439,1.),(1.,0.866025403784439,
1.),(1.,0.866025403784439,1.),(1.,0.866025403784439,1.),(1.,0.866025403784439,
1.),(1.,0.866025403784439,1.),(1.,0.866025403784439,1.),(1.,0.866025403784439,
1.),(1.,0.866025403784439,1.),(1.,0.866025403784439,1.),(1.,0.866025403784439,
1.),(1.,0.866025403784439,1.),(1.,0.866025403784439,1.),(1.,0.866025403784439,
1.),(1.,0.866025403784439,1.),(1.,0.866025403784439,1.),(1.,0.866025403784439,
1.),(1.,0.866025403784439,1.),(1.,0.866025403784439,1.),(1.,0.866025403784439,
1.),(1.,0.866025403784439,1.),(1.,0.866025403784439,1.),(1.,0.866025403784439,
1.),(1.,0.866025403784439,1.),(1.,0.866025403784439,1.),(1.,0.866025403784439,
1.),(1.,0.866025403784439,1.)))
REPRESENTATION_ITEM('')
SURFACE()
);
#82=(
BOUNDED_SURFACE()
B_SPLINE_SURFACE(5,2,((#2317,#2318,#2319),(#2320,#2321,#2322),(#2323,#2324,
#2325),(#2326,#2327,#2328),(#2329,#2330,#2331),(#2332,#2333,#2334),(#2335,
#2336,#2337),(#2338,#2339,#2340),(#2341,#2342,#2343),(#2344,#2345,#2346),
(#2347,#2348,#2349),(#2350,#2351,#2352),(#2353,#2354,#2355),(#2356,#2357,
#2358),(#2359,#2360,#2361),(#2362,#2363,#2364),(#2365,#2366,#2367),(#2368,
#2369,#2370),(#2371,#2372,#2373),(#2374,#2375,#2376),(#2377,#2378,#2379),
(#2380,#2381,#2382),(#2383,#2384,#2385),(#2386,#2387,#2388),(#2389,#2390,
#2391),(#2392,#2393,#2394),(#2395,#2396,#2397),(#2398,#2399,#2400),(#2401,
#2402,#2403),(#2404,#2405,#2406)),.UNSPECIFIED.,.F.,.F.,.F.)
B_SPLINE_SURFACE_WITH_KNOTS((6,1,1,1,1,1,1,1,1,1,1,1,1,1,1,1,1,1,1,1,1,
1,1,1,1,6),(3,3),(0.,0.04,0.08,0.12,0.16,0.2,0.24,0.28,0.32,0.36,0.4,0.44,
0.48,0.52,0.56,0.6,0.64,0.68,0.72,0.76,0.8,0.84,0.88,0.92,0.96,1.),(0.,
1.0471975511966),.UNSPECIFIED.)
GEOMETRIC_REPRESENTATION_ITEM()
RATIONAL_B_SPLINE_SURFACE(((1.,0.866025403784439,1.),(1.,0.866025403784439,
1.),(1.,0.866025403784439,1.),(1.,0.866025403784439,1.),(1.,0.866025403784439,
1.),(1.,0.866025403784439,1.),(1.,0.866025403784439,1.),(1.,0.866025403784439,
1.),(1.,0.866025403784439,1.),(1.,0.866025403784439,1.),(1.,0.866025403784439,
1.),(1.,0.866025403784439,1.),(1.,0.866025403784439,1.),(1.,0.866025403784439,
1.),(1.,0.866025403784439,1.),(1.,0.866025403784439,1.),(1.,0.866025403784439,
1.),(1.,0.866025403784439,1.),(1.,0.866025403784439,1.),(1.,0.866025403784439,
1.),(1.,0.866025403784439,1.),(1.,0.866025403784439,1.),(1.,0.866025403784439,
1.),(1.,0.866025403784439,1.),(1.,0.866025403784439,1.),(1.,0.866025403784439,
1.),(1.,0.866025403784439,1.),(1.,0.866025403784439,1.),(1.,0.866025403784439,
1.),(1.,0.866025403784439,1.)))
REPRESENTATION_ITEM('')
SURFACE()
);
#83=(
BOUNDED_SURFACE()
B_SPLINE_SURFACE(5,2,((#2419,#2420,#2421),(#2422,#2423,#2424),(#2425,#2426,
#2427),(#2428,#2429,#2430),(#2431,#2432,#2433),(#2434,#2435,#2436),(#2437,
#2438,#2439),(#2440,#2441,#2442),(#2443,#2444,#2445),(#2446,#2447,#2448),
(#2449,#2450,#2451),(#2452,#2453,#2454),(#2455,#2456,#2457),(#2458,#2459,
#2460),(#2461,#2462,#2463),(#2464,#2465,#2466),(#2467,#2468,#2469),(#2470,
#2471,#2472),(#2473,#2474,#2475),(#2476,#2477,#2478),(#2479,#2480,#2481),
(#2482,#2483,#2484),(#2485,#2486,#2487),(#2488,#2489,#2490),(#2491,#2492,
#2493),(#2494,#2495,#2496),(#2497,#2498,#2499),(#2500,#2501,#2502),(#2503,
#2504,#2505),(#2506,#2507,#2508)),.UNSPECIFIED.,.F.,.F.,.F.)
B_SPLINE_SURFACE_WITH_KNOTS((6,1,1,1,1,1,1,1,1,1,1,1,1,1,1,1,1,1,1,1,1,
1,1,1,1,6),(3,3),(0.,0.04,0.08,0.12,0.16,0.2,0.24,0.28,0.32,0.36,0.4,0.44,
0.48,0.52,0.56,0.6,0.64,0.68,0.72,0.76,0.8,0.84,0.88,0.92,0.96,1.),(0.,
1.0471975511966),.UNSPECIFIED.)
GEOMETRIC_REPRESENTATION_ITEM()
RATIONAL_B_SPLINE_SURFACE(((1.,0.866025403784439,1.),(1.,0.866025403784439,
1.),(1.,0.866025403784439,1.),(1.,0.866025403784439,1.),(1.,0.866025403784439,
1.),(1.,0.866025403784439,1.),(1.,0.866025403784439,1.),(1.,0.866025403784439,
1.),(1.,0.866025403784439,1.),(1.,0.866025403784439,1.),(1.,0.866025403784439,
1.),(1.,0.866025403784439,1.),(1.,0.866025403784439,1.),(1.,0.866025403784439,
1.),(1.,0.866025403784439,1.),(1.,0.866025403784439,1.),(1.,0.866025403784439,
1.),(1.,0.866025403784439,1.),(1.,0.866025403784439,1.),(1.,0.866025403784439,
1.),(1.,0.866025403784439,1.),(1.,0.866025403784439,1.),(1.,0.866025403784439,
1.),(1.,0.866025403784439,1.),(1.,0.866025403784439,1.),(1.,0.866025403784439,
1.),(1.,0.866025403784439,1.),(1.,0.866025403784439,1.),(1.,0.866025403784439,
1.),(1.,0.866025403784439,1.)))
REPRESENTATION_ITEM('')
SURFACE()
);
#84=(
BOUNDED_SURFACE()
B_SPLINE_SURFACE(5,2,((#2521,#2522,#2523),(#2524,#2525,#2526),(#2527,#2528,
#2529),(#2530,#2531,#2532),(#2533,#2534,#2535),(#2536,#2537,#2538),(#2539,
#2540,#2541),(#2542,#2543,#2544),(#2545,#2546,#2547),(#2548,#2549,#2550),
(#2551,#2552,#2553),(#2554,#2555,#2556),(#2557,#2558,#2559),(#2560,#2561,
#2562),(#2563,#2564,#2565),(#2566,#2567,#2568),(#2569,#2570,#2571),(#2572,
#2573,#2574),(#2575,#2576,#2577),(#2578,#2579,#2580),(#2581,#2582,#2583),
(#2584,#2585,#2586),(#2587,#2588,#2589),(#2590,#2591,#2592),(#2593,#2594,
#2595),(#2596,#2597,#2598),(#2599,#2600,#2601),(#2602,#2603,#2604),(#2605,
#2606,#2607),(#2608,#2609,#2610)),.UNSPECIFIED.,.F.,.F.,.F.)
B_SPLINE_SURFACE_WITH_KNOTS((6,1,1,1,1,1,1,1,1,1,1,1,1,1,1,1,1,1,1,1,1,
1,1,1,1,6),(3,3),(0.,0.04,0.08,0.12,0.16,0.2,0.24,0.28,0.32,0.36,0.4,0.44,
0.48,0.52,0.56,0.6,0.64,0.68,0.72,0.76,0.8,0.84,0.88,0.92,0.96,1.),(0.,
1.0471975511966),.UNSPECIFIED.)
GEOMETRIC_REPRESENTATION_ITEM()
RATIONAL_B_SPLINE_SURFACE(((1.,0.866025403784439,1.),(1.,0.866025403784439,
1.),(1.,0.866025403784439,1.),(1.,0.866025403784439,1.),(1.,0.866025403784439,
1.),(1.,0.866025403784439,1.),(1.,0.866025403784439,1.),(1.,0.866025403784439,
1.),(1.,0.866025403784439,1.),(1.,0.866025403784439,1.),(1.,0.866025403784439,
1.),(1.,0.866025403784439,1.),(1.,0.866025403784439,1.),(1.,0.866025403784439,
1.),(1.,0.866025403784439,1.),(1.,0.866025403784439,1.),(1.,0.866025403784439,
1.),(1.,0.866025403784439,1.),(1.,0.866025403784439,1.),(1.,0.866025403784439,
1.),(1.,0.866025403784439,1.),(1.,0.866025403784439,1.),(1.,0.866025403784439,
1.),(1.,0.866025403784439,1.),(1.,0.866025403784439,1.),(1.,0.866025403784439,
1.),(1.,0.866025403784439,1.),(1.,0.866025403784439,1.),(1.,0.866025403784439,
1.),(1.,0.866025403784439,1.)))
REPRESENTATION_ITEM('')
SURFACE()
);
#85=FACE_BOUND('',#151,.T.);
#86=FACE_BOUND('',#182,.T.);
#87=FACE_BOUND('',#184,.T.);
#88=FACE_BOUND('',#189,.T.);
#89=PLANE('',#686);
#90=PLANE('',#688);
#91=PLANE('',#689);
#92=PLANE('',#690);
#93=PLANE('',#691);
#94=PLANE('',#692);
#95=PLANE('',#693);
#96=PLANE('',#694);
#97=PLANE('',#695);
#98=PLANE('',#696);
#99=PLANE('',#697);
#100=PLANE('',#698);
#101=PLANE('',#699);
#102=PLANE('',#702);
#103=PLANE('',#705);
#104=PLANE('',#708);
#105=PLANE('',#709);
#106=PLANE('',#715);
#107=PLANE('',#718);
#108=PLANE('',#723);
#109=FACE_OUTER_BOUND('',#149,.T.);
#110=FACE_OUTER_BOUND('',#150,.T.);
#111=FACE_OUTER_BOUND('',#152,.T.);
#112=FACE_OUTER_BOUND('',#153,.T.);
#113=FACE_OUTER_BOUND('',#154,.T.);
#114=FACE_OUTER_BOUND('',#155,.T.);
#115=FACE_OUTER_BOUND('',#156,.T.);
#116=FACE_OUTER_BOUND('',#157,.T.);
#117=FACE_OUTER_BOUND('',#158,.T.);
#118=FACE_OUTER_BOUND('',#159,.T.);
#119=FACE_OUTER_BOUND('',#160,.T.);
#120=FACE_OUTER_BOUND('',#161,.T.);
#121=FACE_OUTER_BOUND('',#162,.T.);
#122=FACE_OUTER_BOUND('',#163,.T.);
#123=FACE_OUTER_BOUND('',#164,.T.);
#124=FACE_OUTER_BOUND('',#165,.T.);
#125=FACE_OUTER_BOUND('',#166,.T.);
#126=FACE_OUTER_BOUND('',#167,.T.);
#127=FACE_OUTER_BOUND('',#168,.T.);
#128=FACE_OUTER_BOUND('',#169,.T.);
#129=FACE_OUTER_BOUND('',#170,.T.);
#130=FACE_OUTER_BOUND('',#171,.T.);
#131=FACE_OUTER_BOUND('',#172,.T.);
#132=FACE_OUTER_BOUND('',#173,.T.);
#133=FACE_OUTER_BOUND('',#174,.T.);
#134=FACE_OUTER_BOUND('',#175,.T.);
#135=FACE_OUTER_BOUND('',#176,.T.);
#136=FACE_OUTER_BOUND('',#177,.T.);
#137=FACE_OUTER_BOUND('',#178,.T.);
#138=FACE_OUTER_BOUND('',#179,.T.);
#139=FACE_OUTER_BOUND('',#180,.T.);
#140=FACE_OUTER_BOUND('',#181,.T.);
#141=FACE_OUTER_BOUND('',#183,.T.);
#142=FACE_OUTER_BOUND('',#185,.T.);
#143=FACE_OUTER_BOUND('',#186,.T.);
#144=FACE_OUTER_BOUND('',#187,.T.);
#145=FACE_OUTER_BOUND('',#188,.T.);
#146=FACE_OUTER_BOUND('',#190,.T.);
#147=FACE_OUTER_BOUND('',#191,.T.);
#148=FACE_OUTER_BOUND('',#192,.T.);
#149=EDGE_LOOP('',(#429,#430,#431,#432));
#150=EDGE_LOOP('',(#433));
#151=EDGE_LOOP('',(#434));
#152=EDGE_LOOP('',(#435,#436,#437,#438));
#153=EDGE_LOOP('',(#439,#440,#441,#442));
#154=EDGE_LOOP('',(#443,#444,#445,#446,#447,#448));
#155=EDGE_LOOP('',(#449,#450,#451,#452));
#156=EDGE_LOOP('',(#453,#454,#455,#456));
#157=EDGE_LOOP('',(#457,#458,#459,#460));
#158=EDGE_LOOP('',(#461,#462,#463,#464));
#159=EDGE_LOOP('',(#465,#466,#467,#468));
#160=EDGE_LOOP('',(#469,#470,#471,#472));
#161=EDGE_LOOP('',(#473,#474,#475,#476));
#162=EDGE_LOOP('',(#477,#478,#479,#480));
#163=EDGE_LOOP('',(#481,#482,#483,#484));
#164=EDGE_LOOP('',(#485,#486,#487,#488));
#165=EDGE_LOOP('',(#489,#490,#491,#492));
#166=EDGE_LOOP('',(#493,#494,#495,#496));
#167=EDGE_LOOP('',(#497,#498,#499,#500));
#168=EDGE_LOOP('',(#501,#502,#503,#504));
#169=EDGE_LOOP('',(#505,#506,#507,#508));
#170=EDGE_LOOP('',(#509,#510,#511,#512));
#171=EDGE_LOOP('',(#513,#514,#515,#516));
#172=EDGE_LOOP('',(#517,#518,#519,#520));
#173=EDGE_LOOP('',(#521,#522,#523,#524));
#174=EDGE_LOOP('',(#525,#526,#527,#528));
#175=EDGE_LOOP('',(#529,#530,#531,#532));
#176=EDGE_LOOP('',(#533,#534,#535,#536,#537,#538,#539,#540,#541,#542,#543,
#544,#545,#546,#547,#548,#549,#550,#551,#552,#553,#554,#555,#556,#557,#558,
#559,#560));
#177=EDGE_LOOP('',(#561));
#178=EDGE_LOOP('',(#562,#563,#564,#565));
#179=EDGE_LOOP('',(#566));
#180=EDGE_LOOP('',(#567,#568,#569,#570,#571,#572,#573,#574,#575,#576,#577,
#578,#579,#580,#581,#582,#583,#584,#585,#586,#587,#588,#589,#590,#591,#592,
#593,#594));
#181=EDGE_LOOP('',(#595));
#182=EDGE_LOOP('',(#596));
#183=EDGE_LOOP('',(#597));
#184=EDGE_LOOP('',(#598));
#185=EDGE_LOOP('',(#599,#600,#601,#602));
#186=EDGE_LOOP('',(#603));
#187=EDGE_LOOP('',(#604,#605,#606,#607));
#188=EDGE_LOOP('',(#608));
#189=EDGE_LOOP('',(#609));
#190=EDGE_LOOP('',(#610,#611,#612,#613,#614));
#191=EDGE_LOOP('',(#615));
#192=EDGE_LOOP('',(#616,#617,#618,#619,#620));
#193=LINE('',#844,#224);
#194=LINE('',#995,#225);
#195=LINE('',#1017,#226);
#196=LINE('',#1152,#227);
#197=LINE('',#1174,#228);
#198=LINE('',#1299,#229);
#199=LINE('',#1321,#230);
#200=LINE('',#1446,#231);
#201=LINE('',#1468,#232);
#202=LINE('',#1593,#233);
#203=LINE('',#1615,#234);
#204=LINE('',#1740,#235);
#205=LINE('',#1762,#236);
#206=LINE('',#1766,#237);
#207=LINE('',#1789,#238);
#208=LINE('',#1932,#239);
#209=LINE('',#1934,#240);
#210=LINE('',#1956,#241);
#211=LINE('',#1979,#242);
#212=LINE('',#2001,#243);
#213=LINE('',#2024,#244);
#214=LINE('',#2147,#245);
#215=LINE('',#2169,#246);
#216=LINE('',#2173,#247);
#217=LINE('',#2196,#248);
#218=LINE('',#2626,#249);
#219=LINE('',#2630,#250);
#220=LINE('',#2636,#251);
#221=LINE('',#2647,#252);
#222=LINE('',#2653,#253);
#223=LINE('',#2659,#254);
#224=VECTOR('',#730,15.7109722881615);
#225=VECTOR('',#739,21.85);
#226=VECTOR('',#740,21.85);
#227=VECTOR('',#743,21.85);
#228=VECTOR('',#744,21.85);
#229=VECTOR('',#747,21.85);
#230=VECTOR('',#748,21.85);
#231=VECTOR('',#751,21.85);
#232=VECTOR('',#752,21.85);
#233=VECTOR('',#755,21.85);
#234=VECTOR('',#756,21.85);
#235=VECTOR('',#759,21.85);
#236=VECTOR('',#760,21.85);
#237=VECTOR('',#763,21.85);
#238=VECTOR('',#764,21.85);
#239=VECTOR('',#767,21.85);
#240=VECTOR('',#768,21.85);
#241=VECTOR('',#771,21.85);
#242=VECTOR('',#772,21.85);
#243=VECTOR('',#775,21.85);
#244=VECTOR('',#776,21.85);
#245=VECTOR('',#779,21.85);
#246=VECTOR('',#780,21.85);
#247=VECTOR('',#783,21.85);
#248=VECTOR('',#784,21.85);
#249=VECTOR('',#789,19.665);
#250=VECTOR('',#794,19.665);
#251=VECTOR('',#803,19.665);
#252=VECTOR('',#816,19.4070237382625);
#253=VECTOR('',#825,19.4070237382625);
#254=VECTOR('',#832,17.48);
#255=CIRCLE('',#684,15.7109722881615);
#256=CIRCLE('',#685,15.7109722881615);
#257=CIRCLE('',#687,17.917);
#258=CIRCLE('',#701,22.9425);
#259=CIRCLE('',#704,17.917);
#260=CIRCLE('',#706,22.9425);
#261=CIRCLE('',#710,19.4070237382625);
#262=CIRCLE('',#711,5.74751060138067);
#263=CIRCLE('',#713,17.2220237382625);
#264=CIRCLE('',#714,17.2220237382625);
#265=CIRCLE('',#717,19.4070237382625);
#266=CIRCLE('',#720,17.48);
#267=CIRCLE('',#721,17.48);
#268=CIRCLE('',#722,17.48);
#269=VERTEX_POINT('',#841);
#270=VERTEX_POINT('',#843);
#271=VERTEX_POINT('',#847);
#272=VERTEX_POINT('',#939);
#273=VERTEX_POINT('',#940);
#274=VERTEX_POINT('',#947);
#275=VERTEX_POINT('',#966);
#276=VERTEX_POINT('',#994);
#277=VERTEX_POINT('',#996);
#278=VERTEX_POINT('',#1108);
#279=VERTEX_POINT('',#1109);
#280=VERTEX_POINT('',#1114);
#281=VERTEX_POINT('',#1133);
#282=VERTEX_POINT('',#1151);
#283=VERTEX_POINT('',#1153);
#284=VERTEX_POINT('',#1265);
#285=VERTEX_POINT('',#1272);
#286=VERTEX_POINT('',#1298);
#287=VERTEX_POINT('',#1300);
#288=VERTEX_POINT('',#1412);
#289=VERTEX_POINT('',#1419);
#290=VERTEX_POINT('',#1445);
#291=VERTEX_POINT('',#1447);
#292=VERTEX_POINT('',#1559);
#293=VERTEX_POINT('',#1566);
#294=VERTEX_POINT('',#1592);
#295=VERTEX_POINT('',#1594);
#296=VERTEX_POINT('',#1706);
#297=VERTEX_POINT('',#1713);
#298=VERTEX_POINT('',#1739);
#299=VERTEX_POINT('',#1741);
#300=VERTEX_POINT('',#1764);
#301=VERTEX_POINT('',#1765);
#302=VERTEX_POINT('',#1767);
#303=VERTEX_POINT('',#1788);
#304=VERTEX_POINT('',#1898);
#305=VERTEX_POINT('',#1905);
#306=VERTEX_POINT('',#1931);
#307=VERTEX_POINT('',#1933);
#308=VERTEX_POINT('',#1954);
#309=VERTEX_POINT('',#1955);
#310=VERTEX_POINT('',#1957);
#311=VERTEX_POINT('',#1978);
#312=VERTEX_POINT('',#1999);
#313=VERTEX_POINT('',#2000);
#314=VERTEX_POINT('',#2002);
#315=VERTEX_POINT('',#2023);
#316=VERTEX_POINT('',#2146);
#317=VERTEX_POINT('',#2148);
#318=VERTEX_POINT('',#2171);
#319=VERTEX_POINT('',#2172);
#320=VERTEX_POINT('',#2174);
#321=VERTEX_POINT('',#2195);
#322=VERTEX_POINT('',#2624);
#323=VERTEX_POINT('',#2629);
#324=VERTEX_POINT('',#2633);
#325=VERTEX_POINT('',#2639);
#326=VERTEX_POINT('',#2641);
#327=VERTEX_POINT('',#2644);
#328=VERTEX_POINT('',#2646);
#329=VERTEX_POINT('',#2651);
#330=VERTEX_POINT('',#2656);
#331=VERTEX_POINT('',#2658);
#332=VERTEX_POINT('',#2660);
#333=EDGE_CURVE('',#269,#269,#255,.T.);
#334=EDGE_CURVE('',#269,#270,#193,.T.);
#335=EDGE_CURVE('',#270,#270,#256,.T.);
#336=EDGE_CURVE('',#271,#271,#257,.T.);
#337=EDGE_CURVE('',#272,#273,#34,.T.);
#338=EDGE_CURVE('',#274,#272,#35,.T.);
#339=EDGE_CURVE('',#275,#274,#36,.T.);
#340=EDGE_CURVE('',#275,#273,#22,.T.);
#341=EDGE_CURVE('',#276,#272,#194,.T.);
#342=EDGE_CURVE('',#277,#276,#23,.T.);
#343=EDGE_CURVE('',#274,#277,#195,.T.);
#344=EDGE_CURVE('',#278,#279,#37,.T.);
#345=EDGE_CURVE('',#278,#280,#38,.T.);
#346=EDGE_CURVE('',#281,#280,#39,.T.);
#347=EDGE_CURVE('',#277,#281,#40,.T.);
#348=EDGE_CURVE('',#279,#276,#41,.T.);
#349=EDGE_CURVE('',#282,#278,#196,.T.);
#350=EDGE_CURVE('',#283,#282,#24,.T.);
#351=EDGE_CURVE('',#280,#283,#197,.T.);
#352=EDGE_CURVE('',#284,#282,#42,.T.);
#353=EDGE_CURVE('',#284,#285,#43,.T.);
#354=EDGE_CURVE('',#283,#285,#44,.T.);
#355=EDGE_CURVE('',#286,#284,#198,.T.);
#356=EDGE_CURVE('',#287,#286,#25,.T.);
#357=EDGE_CURVE('',#285,#287,#199,.T.);
#358=EDGE_CURVE('',#288,#286,#45,.T.);
#359=EDGE_CURVE('',#288,#289,#46,.T.);
#360=EDGE_CURVE('',#287,#289,#47,.T.);
#361=EDGE_CURVE('',#290,#288,#200,.T.);
#362=EDGE_CURVE('',#291,#290,#26,.T.);
#363=EDGE_CURVE('',#289,#291,#201,.T.);
#364=EDGE_CURVE('',#292,#290,#48,.T.);
#365=EDGE_CURVE('',#293,#292,#49,.T.);
#366=EDGE_CURVE('',#291,#293,#50,.T.);
#367=EDGE_CURVE('',#294,#292,#202,.T.);
#368=EDGE_CURVE('',#295,#294,#27,.T.);
#369=EDGE_CURVE('',#293,#295,#203,.T.);
#370=EDGE_CURVE('',#296,#294,#51,.T.);
#371=EDGE_CURVE('',#296,#297,#52,.T.);
#372=EDGE_CURVE('',#295,#297,#53,.T.);
#373=EDGE_CURVE('',#298,#296,#204,.T.);
#374=EDGE_CURVE('',#299,#298,#28,.T.);
#375=EDGE_CURVE('',#297,#299,#205,.T.);
#376=EDGE_CURVE('',#300,#301,#206,.T.);
#377=EDGE_CURVE('',#302,#300,#29,.T.);
#378=EDGE_CURVE('',#303,#302,#207,.T.);
#379=EDGE_CURVE('',#301,#303,#54,.T.);
#380=EDGE_CURVE('',#304,#300,#55,.T.);
#381=EDGE_CURVE('',#305,#304,#56,.T.);
#382=EDGE_CURVE('',#302,#305,#57,.T.);
#383=EDGE_CURVE('',#273,#306,#208,.T.);
#384=EDGE_CURVE('',#307,#275,#209,.T.);
#385=EDGE_CURVE('',#306,#307,#58,.T.);
#386=EDGE_CURVE('',#308,#309,#210,.T.);
#387=EDGE_CURVE('',#310,#308,#30,.T.);
#388=EDGE_CURVE('',#311,#310,#211,.T.);
#389=EDGE_CURVE('',#311,#309,#59,.T.);
#390=EDGE_CURVE('',#312,#313,#212,.T.);
#391=EDGE_CURVE('',#314,#312,#31,.T.);
#392=EDGE_CURVE('',#315,#314,#213,.T.);
#393=EDGE_CURVE('',#313,#315,#60,.T.);
#394=EDGE_CURVE('',#309,#312,#61,.T.);
#395=EDGE_CURVE('',#314,#311,#62,.T.);
#396=EDGE_CURVE('',#316,#304,#214,.T.);
#397=EDGE_CURVE('',#317,#316,#32,.T.);
#398=EDGE_CURVE('',#305,#317,#215,.T.);
#399=EDGE_CURVE('',#318,#319,#216,.T.);
#400=EDGE_CURVE('',#320,#318,#33,.T.);
#401=EDGE_CURVE('',#321,#320,#217,.T.);
#402=EDGE_CURVE('',#319,#321,#63,.T.);
#403=EDGE_CURVE('',#301,#318,#64,.T.);
#404=EDGE_CURVE('',#320,#303,#65,.T.);
#405=EDGE_CURVE('',#319,#298,#66,.T.);
#406=EDGE_CURVE('',#299,#321,#67,.T.);
#407=EDGE_CURVE('',#313,#316,#68,.T.);
#408=EDGE_CURVE('',#317,#315,#69,.T.);
#409=EDGE_CURVE('',#306,#308,#70,.T.);
#410=EDGE_CURVE('',#310,#307,#71,.T.);
#411=EDGE_CURVE('',#322,#322,#258,.F.);
#412=EDGE_CURVE('',#322,#281,#218,.T.);
#413=EDGE_CURVE('',#271,#323,#219,.T.);
#414=EDGE_CURVE('',#323,#323,#259,.T.);
#415=EDGE_CURVE('',#324,#324,#260,.T.);
#416=EDGE_CURVE('',#279,#324,#220,.T.);
#417=EDGE_CURVE('',#325,#325,#261,.T.);
#418=EDGE_CURVE('',#326,#326,#262,.T.);
#419=EDGE_CURVE('',#327,#327,#263,.F.);
#420=EDGE_CURVE('',#327,#328,#221,.T.);
#421=EDGE_CURVE('',#328,#328,#264,.T.);
#422=EDGE_CURVE('',#329,#329,#265,.T.);
#423=EDGE_CURVE('',#329,#325,#222,.T.);
#424=EDGE_CURVE('',#330,#330,#266,.T.);
#425=EDGE_CURVE('',#330,#331,#223,.T.);
#426=EDGE_CURVE('',#332,#331,#267,.T.);
#427=EDGE_CURVE('',#331,#332,#268,.T.);
#428=EDGE_CURVE('',#332,#326,#72,.T.);
#429=ORIENTED_EDGE('',*,*,#333,.F.);
#430=ORIENTED_EDGE('',*,*,#334,.T.);
#431=ORIENTED_EDGE('',*,*,#335,.F.);
#432=ORIENTED_EDGE('',*,*,#334,.F.);
#433=ORIENTED_EDGE('',*,*,#336,.F.);
#434=ORIENTED_EDGE('',*,*,#333,.T.);
#435=ORIENTED_EDGE('',*,*,#337,.F.);
#436=ORIENTED_EDGE('',*,*,#338,.F.);
#437=ORIENTED_EDGE('',*,*,#339,.F.);
#438=ORIENTED_EDGE('',*,*,#340,.T.);
#439=ORIENTED_EDGE('',*,*,#341,.F.);
#440=ORIENTED_EDGE('',*,*,#342,.F.);
#441=ORIENTED_EDGE('',*,*,#343,.F.);
#442=ORIENTED_EDGE('',*,*,#338,.T.);
#443=ORIENTED_EDGE('',*,*,#344,.F.);
#444=ORIENTED_EDGE('',*,*,#345,.T.);
#445=ORIENTED_EDGE('',*,*,#346,.F.);
#446=ORIENTED_EDGE('',*,*,#347,.F.);
#447=ORIENTED_EDGE('',*,*,#342,.T.);
#448=ORIENTED_EDGE('',*,*,#348,.F.);
#449=ORIENTED_EDGE('',*,*,#349,.F.);
#450=ORIENTED_EDGE('',*,*,#350,.F.);
#451=ORIENTED_EDGE('',*,*,#351,.F.);
#452=ORIENTED_EDGE('',*,*,#345,.F.);
#453=ORIENTED_EDGE('',*,*,#352,.F.);
#454=ORIENTED_EDGE('',*,*,#353,.T.);
#455=ORIENTED_EDGE('',*,*,#354,.F.);
#456=ORIENTED_EDGE('',*,*,#350,.T.);
#457=ORIENTED_EDGE('',*,*,#355,.F.);
#458=ORIENTED_EDGE('',*,*,#356,.F.);
#459=ORIENTED_EDGE('',*,*,#357,.F.);
#460=ORIENTED_EDGE('',*,*,#353,.F.);
#461=ORIENTED_EDGE('',*,*,#358,.F.);
#462=ORIENTED_EDGE('',*,*,#359,.T.);
#463=ORIENTED_EDGE('',*,*,#360,.F.);
#464=ORIENTED_EDGE('',*,*,#356,.T.);
#465=ORIENTED_EDGE('',*,*,#361,.F.);
#466=ORIENTED_EDGE('',*,*,#362,.F.);
#467=ORIENTED_EDGE('',*,*,#363,.F.);
#468=ORIENTED_EDGE('',*,*,#359,.F.);
#469=ORIENTED_EDGE('',*,*,#364,.F.);
#470=ORIENTED_EDGE('',*,*,#365,.F.);
#471=ORIENTED_EDGE('',*,*,#366,.F.);
#472=ORIENTED_EDGE('',*,*,#362,.T.);
#473=ORIENTED_EDGE('',*,*,#367,.F.);
#474=ORIENTED_EDGE('',*,*,#368,.F.);
#475=ORIENTED_EDGE('',*,*,#369,.F.);
#476=ORIENTED_EDGE('',*,*,#365,.T.);
#477=ORIENTED_EDGE('',*,*,#370,.F.);
#478=ORIENTED_EDGE('',*,*,#371,.T.);
#479=ORIENTED_EDGE('',*,*,#372,.F.);
#480=ORIENTED_EDGE('',*,*,#368,.T.);
#481=ORIENTED_EDGE('',*,*,#373,.F.);
#482=ORIENTED_EDGE('',*,*,#374,.F.);
#483=ORIENTED_EDGE('',*,*,#375,.F.);
#484=ORIENTED_EDGE('',*,*,#371,.F.);
#485=ORIENTED_EDGE('',*,*,#376,.F.);
#486=ORIENTED_EDGE('',*,*,#377,.F.);
#487=ORIENTED_EDGE('',*,*,#378,.F.);
#488=ORIENTED_EDGE('',*,*,#379,.F.);
#489=ORIENTED_EDGE('',*,*,#380,.F.);
#490=ORIENTED_EDGE('',*,*,#381,.F.);
#491=ORIENTED_EDGE('',*,*,#382,.F.);
#492=ORIENTED_EDGE('',*,*,#377,.T.);
#493=ORIENTED_EDGE('',*,*,#383,.F.);
#494=ORIENTED_EDGE('',*,*,#340,.F.);
#495=ORIENTED_EDGE('',*,*,#384,.F.);
#496=ORIENTED_EDGE('',*,*,#385,.F.);
#497=ORIENTED_EDGE('',*,*,#386,.F.);
#498=ORIENTED_EDGE('',*,*,#387,.F.);
#499=ORIENTED_EDGE('',*,*,#388,.F.);
#500=ORIENTED_EDGE('',*,*,#389,.T.);
#501=ORIENTED_EDGE('',*,*,#390,.F.);
#502=ORIENTED_EDGE('',*,*,#391,.F.);
#503=ORIENTED_EDGE('',*,*,#392,.F.);
#504=ORIENTED_EDGE('',*,*,#393,.F.);
#505=ORIENTED_EDGE('',*,*,#394,.F.);
#506=ORIENTED_EDGE('',*,*,#389,.F.);
#507=ORIENTED_EDGE('',*,*,#395,.F.);
#508=ORIENTED_EDGE('',*,*,#391,.T.);
#509=ORIENTED_EDGE('',*,*,#396,.F.);
#510=ORIENTED_EDGE('',*,*,#397,.F.);
#511=ORIENTED_EDGE('',*,*,#398,.F.);
#512=ORIENTED_EDGE('',*,*,#381,.T.);
#513=ORIENTED_EDGE('',*,*,#399,.F.);
#514=ORIENTED_EDGE('',*,*,#400,.F.);
#515=ORIENTED_EDGE('',*,*,#401,.F.);
#516=ORIENTED_EDGE('',*,*,#402,.F.);
#517=ORIENTED_EDGE('',*,*,#403,.F.);
#518=ORIENTED_EDGE('',*,*,#379,.T.);
#519=ORIENTED_EDGE('',*,*,#404,.F.);
#520=ORIENTED_EDGE('',*,*,#400,.T.);
#521=ORIENTED_EDGE('',*,*,#405,.F.);
#522=ORIENTED_EDGE('',*,*,#402,.T.);
#523=ORIENTED_EDGE('',*,*,#406,.F.);
#524=ORIENTED_EDGE('',*,*,#374,.T.);
#525=ORIENTED_EDGE('',*,*,#407,.F.);
#526=ORIENTED_EDGE('',*,*,#393,.T.);
#527=ORIENTED_EDGE('',*,*,#408,.F.);
#528=ORIENTED_EDGE('',*,*,#397,.T.);
#529=ORIENTED_EDGE('',*,*,#409,.F.);
#530=ORIENTED_EDGE('',*,*,#385,.T.);
#531=ORIENTED_EDGE('',*,*,#410,.F.);
#532=ORIENTED_EDGE('',*,*,#387,.T.);
#533=ORIENTED_EDGE('',*,*,#411,.F.);
#534=ORIENTED_EDGE('',*,*,#412,.T.);
#535=ORIENTED_EDGE('',*,*,#346,.T.);
#536=ORIENTED_EDGE('',*,*,#351,.T.);
#537=ORIENTED_EDGE('',*,*,#354,.T.);
#538=ORIENTED_EDGE('',*,*,#357,.T.);
#539=ORIENTED_EDGE('',*,*,#360,.T.);
#540=ORIENTED_EDGE('',*,*,#363,.T.);
#541=ORIENTED_EDGE('',*,*,#366,.T.);
#542=ORIENTED_EDGE('',*,*,#369,.T.);
#543=ORIENTED_EDGE('',*,*,#372,.T.);
#544=ORIENTED_EDGE('',*,*,#375,.T.);
#545=ORIENTED_EDGE('',*,*,#406,.T.);
#546=ORIENTED_EDGE('',*,*,#401,.T.);
#547=ORIENTED_EDGE('',*,*,#404,.T.);
#548=ORIENTED_EDGE('',*,*,#378,.T.);
#549=ORIENTED_EDGE('',*,*,#382,.T.);
#550=ORIENTED_EDGE('',*,*,#398,.T.);
#551=ORIENTED_EDGE('',*,*,#408,.T.);
#552=ORIENTED_EDGE('',*,*,#392,.T.);
#553=ORIENTED_EDGE('',*,*,#395,.T.);
#554=ORIENTED_EDGE('',*,*,#388,.T.);
#555=ORIENTED_EDGE('',*,*,#410,.T.);
#556=ORIENTED_EDGE('',*,*,#384,.T.);
#557=ORIENTED_EDGE('',*,*,#339,.T.);
#558=ORIENTED_EDGE('',*,*,#343,.T.);
#559=ORIENTED_EDGE('',*,*,#347,.T.);
#560=ORIENTED_EDGE('',*,*,#412,.F.);
#561=ORIENTED_EDGE('',*,*,#335,.T.);
#562=ORIENTED_EDGE('',*,*,#336,.T.);
#563=ORIENTED_EDGE('',*,*,#413,.T.);
#564=ORIENTED_EDGE('',*,*,#414,.F.);
#565=ORIENTED_EDGE('',*,*,#413,.F.);
#566=ORIENTED_EDGE('',*,*,#415,.F.);
#567=ORIENTED_EDGE('',*,*,#373,.T.);
#568=ORIENTED_EDGE('',*,*,#370,.T.);
#569=ORIENTED_EDGE('',*,*,#367,.T.);
#570=ORIENTED_EDGE('',*,*,#364,.T.);
#571=ORIENTED_EDGE('',*,*,#361,.T.);
#572=ORIENTED_EDGE('',*,*,#358,.T.);
#573=ORIENTED_EDGE('',*,*,#355,.T.);
#574=ORIENTED_EDGE('',*,*,#352,.T.);
#575=ORIENTED_EDGE('',*,*,#349,.T.);
#576=ORIENTED_EDGE('',*,*,#344,.T.);
#577=ORIENTED_EDGE('',*,*,#416,.T.);
#578=ORIENTED_EDGE('',*,*,#415,.T.);
#579=ORIENTED_EDGE('',*,*,#416,.F.);
#580=ORIENTED_EDGE('',*,*,#348,.T.);
#581=ORIENTED_EDGE('',*,*,#341,.T.);
#582=ORIENTED_EDGE('',*,*,#337,.T.);
#583=ORIENTED_EDGE('',*,*,#383,.T.);
#584=ORIENTED_EDGE('',*,*,#409,.T.);
#585=ORIENTED_EDGE('',*,*,#386,.T.);
#586=ORIENTED_EDGE('',*,*,#394,.T.);
#587=ORIENTED_EDGE('',*,*,#390,.T.);
#588=ORIENTED_EDGE('',*,*,#407,.T.);
#589=ORIENTED_EDGE('',*,*,#396,.T.);
#590=ORIENTED_EDGE('',*,*,#380,.T.);
#591=ORIENTED_EDGE('',*,*,#376,.T.);
#592=ORIENTED_EDGE('',*,*,#403,.T.);
#593=ORIENTED_EDGE('',*,*,#399,.T.);
#594=ORIENTED_EDGE('',*,*,#405,.T.);
#595=ORIENTED_EDGE('',*,*,#411,.T.);
#596=ORIENTED_EDGE('',*,*,#414,.T.);
#597=ORIENTED_EDGE('',*,*,#417,.F.);
#598=ORIENTED_EDGE('',*,*,#418,.T.);
#599=ORIENTED_EDGE('',*,*,#419,.F.);
#600=ORIENTED_EDGE('',*,*,#420,.T.);
#601=ORIENTED_EDGE('',*,*,#421,.F.);
#602=ORIENTED_EDGE('',*,*,#420,.F.);
#603=ORIENTED_EDGE('',*,*,#419,.T.);
#604=ORIENTED_EDGE('',*,*,#422,.F.);
#605=ORIENTED_EDGE('',*,*,#423,.T.);
#606=ORIENTED_EDGE('',*,*,#417,.T.);
#607=ORIENTED_EDGE('',*,*,#423,.F.);
#608=ORIENTED_EDGE('',*,*,#422,.T.);
#609=ORIENTED_EDGE('',*,*,#421,.T.);
#610=ORIENTED_EDGE('',*,*,#424,.F.);
#611=ORIENTED_EDGE('',*,*,#425,.T.);
#612=ORIENTED_EDGE('',*,*,#426,.F.);
#613=ORIENTED_EDGE('',*,*,#427,.F.);
#614=ORIENTED_EDGE('',*,*,#425,.F.);
#615=ORIENTED_EDGE('',*,*,#424,.T.);
#616=ORIENTED_EDGE('',*,*,#426,.T.);
#617=ORIENTED_EDGE('',*,*,#427,.T.);
#618=ORIENTED_EDGE('',*,*,#428,.T.);
#619=ORIENTED_EDGE('',*,*,#418,.F.);
#620=ORIENTED_EDGE('',*,*,#428,.F.);
#621=CYLINDRICAL_SURFACE('',#683,15.7109722881615);
#622=CYLINDRICAL_SURFACE('',#700,22.9425);
#623=CYLINDRICAL_SURFACE('',#703,17.917);
#624=CYLINDRICAL_SURFACE('',#707,22.9425);
#625=CYLINDRICAL_SURFACE('',#712,17.2220237382625);
#626=CYLINDRICAL_SURFACE('',#716,19.4070237382625);
#627=CYLINDRICAL_SURFACE('',#719,17.48);
#628=ADVANCED_FACE('',(#109),#621,.F.);
#629=ADVANCED_FACE('',(#110,#85),#89,.T.);
#630=ADVANCED_FACE('',(#111),#73,.T.);
#631=ADVANCED_FACE('',(#112),#90,.F.);
#632=ADVANCED_FACE('',(#113),#74,.T.);
#633=ADVANCED_FACE('',(#114),#91,.F.);
#634=ADVANCED_FACE('',(#115),#75,.T.);
#635=ADVANCED_FACE('',(#116),#92,.F.);
#636=ADVANCED_FACE('',(#117),#76,.T.);
#637=ADVANCED_FACE('',(#118),#93,.F.);
#638=ADVANCED_FACE('',(#119),#77,.T.);
#639=ADVANCED_FACE('',(#120),#94,.F.);
#640=ADVANCED_FACE('',(#121),#78,.T.);
#641=ADVANCED_FACE('',(#122),#95,.F.);
#642=ADVANCED_FACE('',(#123),#96,.F.);
#643=ADVANCED_FACE('',(#124),#79,.T.);
#644=ADVANCED_FACE('',(#125),#97,.F.);
#645=ADVANCED_FACE('',(#126),#98,.F.);
#646=ADVANCED_FACE('',(#127),#99,.F.);
#647=ADVANCED_FACE('',(#128),#80,.T.);
#648=ADVANCED_FACE('',(#129),#100,.F.);
#649=ADVANCED_FACE('',(#130),#101,.F.);
#650=ADVANCED_FACE('',(#131),#81,.T.);
#651=ADVANCED_FACE('',(#132),#82,.T.);
#652=ADVANCED_FACE('',(#133),#83,.T.);
#653=ADVANCED_FACE('',(#134),#84,.T.);
#654=ADVANCED_FACE('',(#135),#622,.T.);
#655=ADVANCED_FACE('',(#136),#102,.T.);
#656=ADVANCED_FACE('',(#137),#623,.F.);
#657=ADVANCED_FACE('',(#138),#103,.F.);
#658=ADVANCED_FACE('',(#139),#624,.T.);
#659=ADVANCED_FACE('',(#140,#86),#104,.T.);
#660=ADVANCED_FACE('',(#141,#87),#105,.F.);
#661=ADVANCED_FACE('',(#142),#625,.F.);
#662=ADVANCED_FACE('',(#143),#106,.T.);
#663=ADVANCED_FACE('',(#144),#626,.T.);
#664=ADVANCED_FACE('',(#145,#88),#107,.T.);
#665=ADVANCED_FACE('',(#146),#627,.T.);
#666=ADVANCED_FACE('',(#147),#108,.F.);
#667=ADVANCED_FACE('',(#148),#13,.T.);
#668=CLOSED_SHELL('',(#628,#629,#630,#631,#632,#633,#634,#635,#636,#637,
#638,#639,#640,#641,#642,#643,#644,#645,#646,#647,#648,#649,#650,#651,#652,
#653,#654,#655,#656,#657,#658,#659));
#669=CLOSED_SHELL('',(#660,#661,#662,#663,#664,#665,#666,#667));
#670=DERIVED_UNIT_ELEMENT(#672,1.);
#671=DERIVED_UNIT_ELEMENT(#2859,-3.);
#672=(
MASS_UNIT()
NAMED_UNIT(*)
SI_UNIT(.KILO.,.GRAM.)
);
#673=DERIVED_UNIT((#670,#671));
#674=MEASURE_REPRESENTATION_ITEM('density measure',
POSITIVE_RATIO_MEASURE(7850.),#673);
#675=PROPERTY_DEFINITION_REPRESENTATION(#680,#677);
#676=PROPERTY_DEFINITION_REPRESENTATION(#681,#678);
#677=REPRESENTATION('material name',(#679),#2856);
#678=REPRESENTATION('density',(#674),#2856);
#679=DESCRIPTIVE_REPRESENTATION_ITEM('Steel','Steel');
#680=PROPERTY_DEFINITION('material property','material name',#2866);
#681=PROPERTY_DEFINITION('material property','density of part',#2866);
#682=AXIS2_PLACEMENT_3D('',#839,#724,#725);
#683=AXIS2_PLACEMENT_3D('',#840,#726,#727);
#684=AXIS2_PLACEMENT_3D('',#842,#728,#729);
#685=AXIS2_PLACEMENT_3D('',#845,#731,#732);
#686=AXIS2_PLACEMENT_3D('',#846,#733,#734);
#687=AXIS2_PLACEMENT_3D('',#848,#735,#736);
#688=AXIS2_PLACEMENT_3D('',#993,#737,#738);
#689=AXIS2_PLACEMENT_3D('',#1150,#741,#742);
#690=AXIS2_PLACEMENT_3D('',#1297,#745,#746);
#691=AXIS2_PLACEMENT_3D('',#1444,#749,#750);
#692=AXIS2_PLACEMENT_3D('',#1591,#753,#754);
#693=AXIS2_PLACEMENT_3D('',#1738,#757,#758);
#694=AXIS2_PLACEMENT_3D('',#1763,#761,#762);
#695=AXIS2_PLACEMENT_3D('',#1930,#765,#766);
#696=AXIS2_PLACEMENT_3D('',#1953,#769,#770);
#697=AXIS2_PLACEMENT_3D('',#1998,#773,#774);
#698=AXIS2_PLACEMENT_3D('',#2145,#777,#778);
#699=AXIS2_PLACEMENT_3D('',#2170,#781,#782);
#700=AXIS2_PLACEMENT_3D('',#2623,#785,#786);
#701=AXIS2_PLACEMENT_3D('',#2625,#787,#788);
#702=AXIS2_PLACEMENT_3D('',#2627,#790,#791);
#703=AXIS2_PLACEMENT_3D('',#2628,#792,#793);
#704=AXIS2_PLACEMENT_3D('',#2631,#795,#796);
#705=AXIS2_PLACEMENT_3D('',#2632,#797,#798);
#706=AXIS2_PLACEMENT_3D('',#2634,#799,#800);
#707=AXIS2_PLACEMENT_3D('',#2635,#801,#802);
#708=AXIS2_PLACEMENT_3D('',#2637,#804,#805);
#709=AXIS2_PLACEMENT_3D('',#2638,#806,#807);
#710=AXIS2_PLACEMENT_3D('',#2640,#808,#809);
#711=AXIS2_PLACEMENT_3D('',#2642,#810,#811);
#712=AXIS2_PLACEMENT_3D('',#2643,#812,#813);
#713=AXIS2_PLACEMENT_3D('',#2645,#814,#815);
#714=AXIS2_PLACEMENT_3D('',#2648,#817,#818);
#715=AXIS2_PLACEMENT_3D('',#2649,#819,#820);
#716=AXIS2_PLACEMENT_3D('',#2650,#821,#822);
#717=AXIS2_PLACEMENT_3D('',#2652,#823,#824);
#718=AXIS2_PLACEMENT_3D('',#2654,#826,#827);
#719=AXIS2_PLACEMENT_3D('',#2655,#828,#829);
#720=AXIS2_PLACEMENT_3D('',#2657,#830,#831);
#721=AXIS2_PLACEMENT_3D('',#2661,#833,#834);
#722=AXIS2_PLACEMENT_3D('',#2662,#835,#836);
#723=AXIS2_PLACEMENT_3D('',#2663,#837,#838);
#724=DIRECTION('axis',(0.,0.,1.));
#725=DIRECTION('refdir',(1.,0.,0.));
#726=DIRECTION('center_axis',(0.,1.,0.));
#727=DIRECTION('ref_axis',(-1.,0.,0.));
#728=DIRECTION('center_axis',(0.,-1.,0.));
#729=DIRECTION('ref_axis',(-1.,0.,0.));
#730=DIRECTION('',(0.,-1.,0.));
#731=DIRECTION('center_axis',(0.,1.,0.));
#732=DIRECTION('ref_axis',(-1.,0.,0.));
#733=DIRECTION('center_axis',(0.,1.,0.));
#734=DIRECTION('ref_axis',(-1.,0.,0.));
#735=DIRECTION('center_axis',(0.,-1.,0.));
#736=DIRECTION('ref_axis',(1.,0.,0.));
#737=DIRECTION('center_axis',(-0.5,-6.93889390390723E-18,0.866025403784438));
#738=DIRECTION('ref_axis',(0.866025403784438,0.,0.5));
#739=DIRECTION('',(0.,1.,0.));
#740=DIRECTION('',(0.,1.,0.));
#741=DIRECTION('center_axis',(-6.93889390390723E-18,-6.93889390390723E-18,
1.));
#742=DIRECTION('ref_axis',(1.,0.,6.93889390390723E-18));
#743=DIRECTION('',(0.,1.,0.));
#744=DIRECTION('',(0.,1.,0.));
#745=DIRECTION('center_axis',(0.5,-6.93889390390723E-18,0.866025403784439));
#746=DIRECTION('ref_axis',(0.866025403784439,0.,-0.5));
#747=DIRECTION('',(0.,1.,0.));
#748=DIRECTION('',(0.,1.,0.));
#749=DIRECTION('center_axis',(0.866025403784439,-6.93889390390723E-18,0.5));
#750=DIRECTION('ref_axis',(0.5,0.,-0.866025403784439));
#751=DIRECTION('',(0.,1.,0.));
#752=DIRECTION('',(0.,1.,0.));
#753=DIRECTION('center_axis',(1.,-6.93889390390723E-18,6.81712338612749E-17));
#754=DIRECTION('ref_axis',(6.81712338612749E-17,0.,-1.));
#755=DIRECTION('',(0.,1.,0.));
#756=DIRECTION('',(0.,1.,0.));
#757=DIRECTION('center_axis',(0.866025403784439,-6.93889390390723E-18,-0.5));
#758=DIRECTION('ref_axis',(-0.5,0.,-0.866025403784439));
#759=DIRECTION('',(0.,1.,0.));
#760=DIRECTION('',(0.,1.,0.));
#761=DIRECTION('center_axis',(1.29403573818643E-16,-6.93889390390723E-18,
-1.));
#762=DIRECTION('ref_axis',(-1.,0.,-1.29403573818643E-16));
#763=DIRECTION('',(0.,1.,0.));
#764=DIRECTION('',(0.,1.,0.));
#765=DIRECTION('center_axis',(-0.866025403784439,-6.93889390390723E-18,
0.499999999999999));
#766=DIRECTION('ref_axis',(0.499999999999999,0.,0.866025403784439));
#767=DIRECTION('',(0.,1.,0.));
#768=DIRECTION('',(0.,1.,0.));
#769=DIRECTION('center_axis',(-1.,-6.93889390390723E-18,-1.9063591377601E-16));
#770=DIRECTION('ref_axis',(-1.9063591377601E-16,0.,1.));
#771=DIRECTION('',(0.,1.,0.));
#772=DIRECTION('',(0.,1.,0.));
#773=DIRECTION('center_axis',(-0.866025403784438,-6.93889390390723E-18,
-0.5));
#774=DIRECTION('ref_axis',(-0.5,0.,0.866025403784438));
#775=DIRECTION('',(0.,1.,0.));
#776=DIRECTION('',(0.,1.,0.));
#777=DIRECTION('center_axis',(-0.5,-6.93889390390723E-18,-0.866025403784439));
#778=DIRECTION('ref_axis',(-0.866025403784439,0.,0.5));
#779=DIRECTION('',(0.,1.,0.));
#780=DIRECTION('',(0.,1.,0.));
#781=DIRECTION('center_axis',(0.5,-6.93889390390723E-18,-0.866025403784438));
#782=DIRECTION('ref_axis',(-0.866025403784438,0.,-0.5));
#783=DIRECTION('',(0.,1.,0.));
#784=DIRECTION('',(0.,1.,0.));
#785=DIRECTION('center_axis',(0.,1.,0.));
#786=DIRECTION('ref_axis',(1.,0.,0.));
#787=DIRECTION('center_axis',(0.,-1.,0.));
#788=DIRECTION('ref_axis',(1.,0.,0.));
#789=DIRECTION('',(0.,-1.,0.));
#790=DIRECTION('center_axis',(0.,1.,0.));
#791=DIRECTION('ref_axis',(1.,0.,0.));
#792=DIRECTION('center_axis',(0.,1.,0.));
#793=DIRECTION('ref_axis',(1.,0.,0.));
#794=DIRECTION('',(0.,1.,0.));
#795=DIRECTION('center_axis',(0.,-1.,0.));
#796=DIRECTION('ref_axis',(1.,0.,0.));
#797=DIRECTION('center_axis',(0.,1.,0.));
#798=DIRECTION('ref_axis',(1.,0.,0.));
#799=DIRECTION('center_axis',(0.,1.,0.));
#800=DIRECTION('ref_axis',(1.,0.,0.));
#801=DIRECTION('center_axis',(0.,1.,0.));
#802=DIRECTION('ref_axis',(1.,0.,0.));
#803=DIRECTION('',(0.,-1.,0.));
#804=DIRECTION('center_axis',(0.,1.,0.));
#805=DIRECTION('ref_axis',(1.,0.,0.));
#806=DIRECTION('center_axis',(0.,1.,0.));
#807=DIRECTION('ref_axis',(1.,0.,0.));
#808=DIRECTION('center_axis',(0.,1.,0.));
#809=DIRECTION('ref_axis',(1.,0.,0.));
#810=DIRECTION('center_axis',(0.,1.,0.));
#811=DIRECTION('ref_axis',(1.,0.,0.));
#812=DIRECTION('center_axis',(0.,1.,0.));
#813=DIRECTION('ref_axis',(1.,0.,0.));
#814=DIRECTION('center_axis',(0.,-1.,0.));
#815=DIRECTION('ref_axis',(1.,0.,0.));
#816=DIRECTION('',(0.,1.,0.));
#817=DIRECTION('center_axis',(0.,-1.,0.));
#818=DIRECTION('ref_axis',(1.,0.,0.));
#819=DIRECTION('center_axis',(0.,1.,0.));
#820=DIRECTION('ref_axis',(1.,0.,0.));
#821=DIRECTION('center_axis',(0.,1.,0.));
#822=DIRECTION('ref_axis',(1.,0.,0.));
#823=DIRECTION('center_axis',(0.,1.,0.));
#824=DIRECTION('ref_axis',(1.,0.,0.));
#825=DIRECTION('',(0.,-1.,0.));
#826=DIRECTION('center_axis',(0.,1.,0.));
#827=DIRECTION('ref_axis',(1.,0.,0.));
#828=DIRECTION('center_axis',(0.,-1.,0.));
#829=DIRECTION('ref_axis',(1.,0.,0.));
#830=DIRECTION('center_axis',(0.,-1.,0.));
#831=DIRECTION('ref_axis',(1.,0.,0.));
#832=DIRECTION('',(0.,1.,0.));
#833=DIRECTION('center_axis',(0.,1.,0.));
#834=DIRECTION('ref_axis',(1.,0.,0.));
#835=DIRECTION('center_axis',(0.,1.,0.));
#836=DIRECTION('ref_axis',(1.,0.,0.));
#837=DIRECTION('center_axis',(0.,1.,0.));
#838=DIRECTION('ref_axis',(0.,0.,1.));
#839=CARTESIAN_POINT('',(0.,0.,0.));
#840=CARTESIAN_POINT('Origin',(18.6553459159332,8.303,-6.22015222939724));
#841=CARTESIAN_POINT('',(34.3663182040946,67.298,-6.22015222939725));
#842=CARTESIAN_POINT('Origin',(18.6553459159332,67.298,-6.22015222939724));
#843=CARTESIAN_POINT('',(34.3663182040946,8.303,-6.22015222939725));
#844=CARTESIAN_POINT('',(34.3663182040946,8.303,-6.22015222939725));
#845=CARTESIAN_POINT('Origin',(18.6553459159332,8.303,-6.22015222939724));
#846=CARTESIAN_POINT('Origin',(18.6553459159332,67.298,-6.22015222939724));
#847=CARTESIAN_POINT('',(0.738345915933176,67.298,-6.22015222939724));
#848=CARTESIAN_POINT('Origin',(18.6553459159332,67.298,-6.22015222939724));
#849=CARTESIAN_POINT('Ctrl Pts',(10.8417714141732,71.5322438259573,-13.5506204005351));
#850=CARTESIAN_POINT('Ctrl Pts',(10.8417714141732,71.5322438259573,-13.5506204005351));
#851=CARTESIAN_POINT('Ctrl Pts',(10.8417714141732,71.5322438259573,-13.5506204005351));
#852=CARTESIAN_POINT('Ctrl Pts',(10.7572446992277,71.7456878856581,-13.6970249654175));
#853=CARTESIAN_POINT('Ctrl Pts',(10.6727179842823,71.7456878856581,-13.64822344379));
#854=CARTESIAN_POINT('Ctrl Pts',(10.6727179842823,71.7456878856581,-13.5506204005351));
#855=CARTESIAN_POINT('Ctrl Pts',(10.5648942151309,72.1525607916279,-14.0301857767337));
#856=CARTESIAN_POINT('Ctrl Pts',(10.2880170160886,72.1525607916279,-13.8703306513341));
#857=CARTESIAN_POINT('Ctrl Pts',(10.2880170160886,72.1525607916279,-13.5506204005351));
#858=CARTESIAN_POINT('Ctrl Pts',(10.2064722711654,72.7028451951348,-14.6509907942295));
#859=CARTESIAN_POINT('Ctrl Pts',(9.57117312815768,72.7028451951348,-14.284200662998));
#860=CARTESIAN_POINT('Ctrl Pts',(9.57117312815768,72.7028451951348,-13.5506204005351));
#861=CARTESIAN_POINT('Ctrl Pts',(9.58846285118032,73.3160159350019,-15.7214145091999));
#862=CARTESIAN_POINT('Ctrl Pts',(8.33515428818744,73.3160159350019,-14.9978164729783));
#863=CARTESIAN_POINT('Ctrl Pts',(8.33515428818744,73.3160159350019,-13.5506204005351));
#864=CARTESIAN_POINT('Ctrl Pts',(8.59122347423722,73.8438051646705,-17.4486837773736));
#865=CARTESIAN_POINT('Ctrl Pts',(6.34067553430124,73.8438051646705,-16.1493293184275));
#866=CARTESIAN_POINT('Ctrl Pts',(6.34067553430124,73.8438051646705,-13.5506204005351));
#867=CARTESIAN_POINT('Ctrl Pts',(7.40029021205574,74.0190926088793,-19.5114406958957));
#868=CARTESIAN_POINT('Ctrl Pts',(3.95880900993827,74.0190926088793,-17.5245005974422));
#869=CARTESIAN_POINT('Ctrl Pts',(3.95880900993827,74.0190926088793,-13.5506204005351));
#870=CARTESIAN_POINT('Ctrl Pts',(6.07892176919535,73.6236477041729,-21.8001179744481));
#871=CARTESIAN_POINT('Ctrl Pts',(1.3160721242175,73.6236477041729,-19.0502854498104));
#872=CARTESIAN_POINT('Ctrl Pts',(1.3160721242175,73.6236477041729,-13.5506204005351));
#873=CARTESIAN_POINT('Ctrl Pts',(4.70814638228474,72.4039001300931,-24.1743705903421));
#874=CARTESIAN_POINT('Ctrl Pts',(-1.42547864960372,72.4039001300931,-20.6331205270731));
#875=CARTESIAN_POINT('Ctrl Pts',(-1.42547864960372,72.4039001300931,-13.5506204005351));
#876=CARTESIAN_POINT('Ctrl Pts',(3.3742340569464,70.1337117618453,-26.4847745106705));
#877=CARTESIAN_POINT('Ctrl Pts',(-4.0933033002804,70.1337117618453,-22.173389807292));
#878=CARTESIAN_POINT('Ctrl Pts',(-4.09330330028041,70.1337117618453,-13.5506204005351));
#879=CARTESIAN_POINT('Ctrl Pts',(2.15619041617558,66.6760045247325,-28.5944879823217));
#880=CARTESIAN_POINT('Ctrl Pts',(-6.52939058182205,66.6760045247325,-23.5798654550595));
#881=CARTESIAN_POINT('Ctrl Pts',(-6.52939058182206,66.6760045247325,-13.5506204005351));
#882=CARTESIAN_POINT('Ctrl Pts',(1.11157088718748,62.0563676514359,-30.4038220811078));
#883=CARTESIAN_POINT('Ctrl Pts',(-8.61862963979826,62.0563676514359,-24.7860881875836));
#884=CARTESIAN_POINT('Ctrl Pts',(-8.61862963979827,62.0563676514359,-13.5506204005351));
#885=CARTESIAN_POINT('Ctrl Pts',(0.277709273883788,56.4393572943127,-31.8481127618312));
#886=CARTESIAN_POINT('Ctrl Pts',(-10.2863528664056,56.4393572943127,-25.7489486413991));
#887=CARTESIAN_POINT('Ctrl Pts',(-10.2863528664057,56.4393572943127,-13.5506204005351));
#888=CARTESIAN_POINT('Ctrl Pts',(-0.324283392318731,50.0874974462188,-32.8907946454778));
#889=CARTESIAN_POINT('Ctrl Pts',(-11.4903381988107,50.0874974462188,-26.4440698971636));
#890=CARTESIAN_POINT('Ctrl Pts',(-11.4903381988107,50.0874974462188,-13.5506204005351));
#891=CARTESIAN_POINT('Ctrl Pts',(-0.686759312466364,43.3280352070651,-33.5186213556938));
#892=CARTESIAN_POINT('Ctrl Pts',(-12.2152900391059,43.3280352070651,-26.8626210373075));
#893=CARTESIAN_POINT('Ctrl Pts',(-12.215290039106,43.3280352070651,-13.5506204005351));
#894=CARTESIAN_POINT('Ctrl Pts',(-0.812505665777688,36.5173290446685,-33.7364204284955));
#895=CARTESIAN_POINT('Ctrl Pts',(-12.4667827457286,36.5173290446685,-27.0078204191754));
#896=CARTESIAN_POINT('Ctrl Pts',(-12.4667827457286,36.5173290446685,-13.5506204005351));
#897=CARTESIAN_POINT('Ctrl Pts',(-0.71208368008878,30.0076154242046,-33.5624844470853));
#898=CARTESIAN_POINT('Ctrl Pts',(-12.2659387743508,30.0076154242046,-26.8918630982353));
#899=CARTESIAN_POINT('Ctrl Pts',(-12.2659387743508,30.0076154242046,-13.5506204005351));
#900=CARTESIAN_POINT('Ctrl Pts',(-0.40117333094751,24.1112920043273,-33.0239719257737));
#901=CARTESIAN_POINT('Ctrl Pts',(-11.6441180760682,24.1112920043273,-26.5328547506941));
#902=CARTESIAN_POINT('Ctrl Pts',(-11.6441180760682,24.1112920043273,-13.5506204005351));
#903=CARTESIAN_POINT('Ctrl Pts',(0.101819544447863,19.069586298028,-32.1527627097437));
#904=CARTESIAN_POINT('Ctrl Pts',(-10.6381323252775,19.069586298028,-25.9520486066742));
#905=CARTESIAN_POINT('Ctrl Pts',(-10.6381323252775,19.069586298028,-13.5506204005351));
#906=CARTESIAN_POINT('Ctrl Pts',(0.778362277786217,15.0093000251233,-30.9809563221102));
#907=CARTESIAN_POINT('Ctrl Pts',(-9.28504685860078,15.0093000251233,-25.1708443482518));
#908=CARTESIAN_POINT('Ctrl Pts',(-9.28504685860079,15.0093000251233,-13.5506204005351));
#909=CARTESIAN_POINT('Ctrl Pts',(1.61137774426937,11.935803076199,-29.5381312106707));
#910=CARTESIAN_POINT('Ctrl Pts',(-7.61901592563447,11.935803076199,-24.2089609406255));
#911=CARTESIAN_POINT('Ctrl Pts',(-7.61901592563448,11.935803076199,-13.5506204005351));
#912=CARTESIAN_POINT('Ctrl Pts',(2.58540532768857,9.77769939779491,-27.8510659482151));
#913=CARTESIAN_POINT('Ctrl Pts',(-5.67096075879606,9.77769939779491,-23.0842507656551));
#914=CARTESIAN_POINT('Ctrl Pts',(-5.67096075879607,9.77769939779491,-13.5506204005351));
#915=CARTESIAN_POINT('Ctrl Pts',(3.68707648625455,8.41889783207182,-25.9429155283455));
#916=CARTESIAN_POINT('Ctrl Pts',(-3.4676184416641,8.41889783207182,-21.812150485742));
#917=CARTESIAN_POINT('Ctrl Pts',(-3.46761844166411,8.41889783207182,-13.5506204005351));
#918=CARTESIAN_POINT('Ctrl Pts',(4.90537729407862,7.7323440534,-23.832756630292));
#919=CARTESIAN_POINT('Ctrl Pts',(-1.03101682601597,7.7323440534,-20.4053778870397));
#920=CARTESIAN_POINT('Ctrl Pts',(-1.03101682601598,7.7323440534,-13.5506204005351));
#921=CARTESIAN_POINT('Ctrl Pts',(6.23206939487024,7.61835824327519,-21.5348585057206));
#922=CARTESIAN_POINT('Ctrl Pts',(1.62236737556728,7.61835824327519,-18.8734458039921));
#923=CARTESIAN_POINT('Ctrl Pts',(1.62236737556727,7.61835824327519,-13.5506204005351));
#924=CARTESIAN_POINT('Ctrl Pts',(7.66160300361989,8.01680575462909,-19.058833664239));
#925=CARTESIAN_POINT('Ctrl Pts',(4.48143459306657,8.01680575462909,-17.2227625763377));
#926=CARTESIAN_POINT('Ctrl Pts',(4.48143459306657,8.01680575462909,-13.5506204005351));
#927=CARTESIAN_POINT('Ctrl Pts',(8.88479648527714,8.71849943779314,-16.9402004065215));
#928=CARTESIAN_POINT('Ctrl Pts',(6.92782155638108,8.71849943779314,-15.810340404526));
#929=CARTESIAN_POINT('Ctrl Pts',(6.92782155638108,8.71849943779314,-13.5506204005351));
#930=CARTESIAN_POINT('Ctrl Pts',(9.84621038410202,9.45416705093757,-15.2749826866539));
#931=CARTESIAN_POINT('Ctrl Pts',(8.85064935403084,9.45416705093757,-14.7001952579476));
#932=CARTESIAN_POINT('Ctrl Pts',(8.85064935403084,9.45416705093757,-13.5506204005351));
#933=CARTESIAN_POINT('Ctrl Pts',(10.5066656174004,10.0374162020079,-14.1310406664565));
#934=CARTESIAN_POINT('Ctrl Pts',(10.1715598206275,10.0374162020079,-13.9375672444827));
#935=CARTESIAN_POINT('Ctrl Pts',(10.1715598206275,10.0374162020079,-13.5506204005351));
#936=CARTESIAN_POINT('Ctrl Pts',(10.8417714141732,10.3522429143042,-13.5506204005351));
#937=CARTESIAN_POINT('Ctrl Pts',(10.8417714141732,10.3522429143042,-13.5506204005351));
#938=CARTESIAN_POINT('Ctrl Pts',(10.8417714141732,10.3522429143042,-13.5506204005351));
#939=CARTESIAN_POINT('',(-2.58180935750334,8.28888924304033,-14.9001028134701));
#940=CARTESIAN_POINT('',(4.60340523705893,8.00237780856476,-24.3557875755162));
#941=CARTESIAN_POINT('Ctrl Pts',(-2.58180935750334,8.28888924304033,-14.9001028134701));
#942=CARTESIAN_POINT('Ctrl Pts',(-1.89210337739121,8.11166115903763,-16.5876000924911));
#943=CARTESIAN_POINT('Ctrl Pts',(-0.997880648095499,8.02585501359811,-18.1992784694734));
#944=CARTESIAN_POINT('Ctrl Pts',(1.35937885288689,7.93140523949745,-21.4494953118291));
#945=CARTESIAN_POINT('Ctrl Pts',(2.8860242193572,7.93607044407956,-23.0251181104989));
#946=CARTESIAN_POINT('Ctrl Pts',(4.60340523705893,8.00237780856476,-24.3557875755162));
#947=CARTESIAN_POINT('',(-2.58180935749847,71.2075066548758,-14.9001028134664));
#948=CARTESIAN_POINT('Ctrl Pts',(-2.58180935749297,71.2075066548758,-14.9001028134641));
#949=CARTESIAN_POINT('Ctrl Pts',(-2.92018245106179,70.9025387888738,-15.0954626101226));
#950=CARTESIAN_POINT('Ctrl Pts',(-3.24475713072504,70.5738542552005,-15.2828558887983));
#951=CARTESIAN_POINT('Ctrl Pts',(-4.91479182471372,68.6951615432777,-16.2470508689287));
#952=CARTESIAN_POINT('Ctrl Pts',(-6.28034781391608,66.4805579127926,-17.0354549868882));
#953=CARTESIAN_POINT('Ctrl Pts',(-9.04755541197937,59.0336668547021,-18.6331030385336));
#954=CARTESIAN_POINT('Ctrl Pts',(-9.99830343899851,54.271086910278,-19.1820176678646));
#955=CARTESIAN_POINT('Ctrl Pts',(-11.511553215645,42.6827991520594,-20.0556928337626));
#956=CARTESIAN_POINT('Ctrl Pts',(-11.670534459819,34.8427765770664,-20.1474806980775));
#957=CARTESIAN_POINT('Ctrl Pts',(-10.7755948898196,23.913311438911,-19.6307870964299));
#958=CARTESIAN_POINT('Ctrl Pts',(-10.0095018424981,18.1690782457387,-19.1884830691396));
#959=CARTESIAN_POINT('Ctrl Pts',(-7.26948832578191,12.2084247717023,-17.6065355276803));
#960=CARTESIAN_POINT('Ctrl Pts',(-6.37317657369328,10.9525412611291,-17.0890496963341));
#961=CARTESIAN_POINT('Ctrl Pts',(-4.68120975302051,9.35204627224325,-16.1121921969588));
#962=CARTESIAN_POINT('Ctrl Pts',(-3.88358352402541,8.82805812191472,-15.6516824789357));
#963=CARTESIAN_POINT('Ctrl Pts',(-2.86400702898763,8.39499755418478,-15.0630297150663));
#964=CARTESIAN_POINT('Ctrl Pts',(-2.72334056073809,8.33992016724955,-14.9818158917564));
#965=CARTESIAN_POINT('Ctrl Pts',(-2.58180935750334,8.28888924304033,-14.9001028134701));
#966=CARTESIAN_POINT('',(4.60340523705894,71.9891188490388,-24.3557875755162));
#967=CARTESIAN_POINT('Ctrl Pts',(4.60340523705893,71.9891188490388,-24.3557875755162));
#968=CARTESIAN_POINT('Ctrl Pts',(2.90868711608437,72.1887070125653,-23.0426778857339));
#969=CARTESIAN_POINT('Ctrl Pts',(1.38900330646172,72.208967894647,-21.4794085474299));
#970=CARTESIAN_POINT('Ctrl Pts',(-0.985797707361077,71.9205411091894,-18.2251951106558));
#971=CARTESIAN_POINT('Ctrl Pts',(-1.89129413380601,71.6510323983927,-16.5895800613291));
#972=CARTESIAN_POINT('Ctrl Pts',(-2.58180935750311,71.2075066548666,-14.9001028134707));
#973=CARTESIAN_POINT('Ctrl Pts',(4.60340523705894,71.9891188490388,-24.3557875755162));
#974=CARTESIAN_POINT('Ctrl Pts',(4.35772762553101,71.6507494463223,-24.7813136809647));
#975=CARTESIAN_POINT('Ctrl Pts',(3.84735831816551,70.8505904358134,-25.6652992519455));
#976=CARTESIAN_POINT('Ctrl Pts',(3.089394024546,69.3245312909646,-26.9781319188176));
#977=CARTESIAN_POINT('Ctrl Pts',(2.13848329524445,66.5976980538085,-28.6251576154302));
#978=CARTESIAN_POINT('Ctrl Pts',(1.11157088718748,62.0563676514359,-30.4038220811078));
#979=CARTESIAN_POINT('Ctrl Pts',(0.277709273883788,56.4393572943127,-31.8481127618312));
#980=CARTESIAN_POINT('Ctrl Pts',(-0.324283392318731,50.0874974462188,-32.8907946454778));
#981=CARTESIAN_POINT('Ctrl Pts',(-0.686759312466364,43.3280352070651,-33.5186213556938));
#982=CARTESIAN_POINT('Ctrl Pts',(-0.812505665777688,36.5173290446685,-33.7364204284955));
#983=CARTESIAN_POINT('Ctrl Pts',(-0.71208368008878,30.0076154242046,-33.5624844470853));
#984=CARTESIAN_POINT('Ctrl Pts',(-0.40117333094751,24.1112920043273,-33.0239719257737));
#985=CARTESIAN_POINT('Ctrl Pts',(0.101819544447863,19.069586298028,-32.1527627097437));
#986=CARTESIAN_POINT('Ctrl Pts',(0.778362277786217,15.0093000251233,-30.9809563221102));
#987=CARTESIAN_POINT('Ctrl Pts',(1.61137774426937,11.935803076199,-29.5381312106707));
#988=CARTESIAN_POINT('Ctrl Pts',(2.53442809816655,9.89064706829119,-27.9393610997763));
#989=CARTESIAN_POINT('Ctrl Pts',(3.3518639881256,8.83562480237818,-26.5235206064369));
#990=CARTESIAN_POINT('Ctrl Pts',(3.99472262515068,8.31901464522342,-25.410056785025));
#991=CARTESIAN_POINT('Ctrl Pts',(4.41983053912417,8.08526666060569,-24.6737482793233));
#992=CARTESIAN_POINT('Ctrl Pts',(4.60340523705893,8.00237780856476,-24.3557875755162));
#993=CARTESIAN_POINT('Origin',(-1.86954219650242,40.8187254260773,-14.4888751763313));
#994=CARTESIAN_POINT('',(-2.58180935750335,8.00237780856476,-14.9001028134701));
#995=CARTESIAN_POINT('',(-2.58180935750335,0.,-14.9001028134701));
#996=CARTESIAN_POINT('',(-2.58180935750335,71.9891188490388,-14.9001028134701));
#997=CARTESIAN_POINT('Ctrl Pts',(-2.58180935750335,71.9891188490388,-14.9001028134701));
#998=CARTESIAN_POINT('Ctrl Pts',(-3.00733546295189,71.6507494463223,-15.1457804249981));
#999=CARTESIAN_POINT('Ctrl Pts',(-3.89132103393267,70.8505904358134,-15.6561497323636));
#1000=CARTESIAN_POINT('Ctrl Pts',(-5.20415370080471,69.3245312909646,-16.4141140259831));
#1001=CARTESIAN_POINT('Ctrl Pts',(-6.85117939741739,66.5976980538085,-17.3650247552846));
#1002=CARTESIAN_POINT('Ctrl Pts',(-8.62984386309496,62.0563676514359,-18.3919371633416));
#1003=CARTESIAN_POINT('Ctrl Pts',(-10.0741345438183,56.4393572943127,-19.2257987766453));
#1004=CARTESIAN_POINT('Ctrl Pts',(-11.1168164274649,50.0874974462188,-19.8277914428478));
#1005=CARTESIAN_POINT('Ctrl Pts',(-11.7446431376809,43.3280352070651,-20.1902673629954));
#1006=CARTESIAN_POINT('Ctrl Pts',(-11.9624422104826,36.5173290446685,-20.3160137163068));
#1007=CARTESIAN_POINT('Ctrl Pts',(-11.7885062290725,30.0076154242046,-20.2155917306179));
#1008=CARTESIAN_POINT('Ctrl Pts',(-11.2499937077608,24.1112920043273,-19.9046813814766));
#1009=CARTESIAN_POINT('Ctrl Pts',(-10.3787844917309,19.069586298028,-19.4016885060812));
#1010=CARTESIAN_POINT('Ctrl Pts',(-9.20697810409732,15.0093000251233,-18.7251457727429));
#1011=CARTESIAN_POINT('Ctrl Pts',(-7.7641529926578,11.935803076199,-17.8921303062597));
#1012=CARTESIAN_POINT('Ctrl Pts',(-6.16538288176345,9.89064706829119,-16.9690799523625));
#1013=CARTESIAN_POINT('Ctrl Pts',(-4.74954238842409,8.83562480237818,-16.1516440624035));
#1014=CARTESIAN_POINT('Ctrl Pts',(-3.63607856701218,8.31901464522342,-15.5087854253784));
#1015=CARTESIAN_POINT('Ctrl Pts',(-2.89977006131047,8.08526666060569,-15.0836775114049));
#1016=CARTESIAN_POINT('Ctrl Pts',(-2.58180935750335,8.00237780856476,-14.9001028134701));
#1017=CARTESIAN_POINT('',(-2.58180935750335,0.,-14.9001028134701));
#1018=CARTESIAN_POINT('Ctrl Pts',(8.22335781747778,71.5322438259573,-8.66173663635585));
#1019=CARTESIAN_POINT('Ctrl Pts',(8.22335781747778,71.5322438259573,-8.66173663635585));
#1020=CARTESIAN_POINT('Ctrl Pts',(8.22335781747778,71.5322438259573,-8.66173663635585));
#1021=CARTESIAN_POINT('Ctrl Pts',(8.07695325259535,71.7456878856581,-8.74626335130132));
#1022=CARTESIAN_POINT('Ctrl Pts',(8.02815173096787,71.7456878856581,-8.66173663635585));
#1023=CARTESIAN_POINT('Ctrl Pts',(8.07695325259535,71.7456878856581,-8.57720992141039));
#1024=CARTESIAN_POINT('Ctrl Pts',(7.74379244127918,72.1525607916279,-8.93861383539814));
#1025=CARTESIAN_POINT('Ctrl Pts',(7.58393731587964,72.1525607916279,-8.66173663635585));
#1026=CARTESIAN_POINT('Ctrl Pts',(7.74379244127918,72.1525607916279,-8.38485943731357));
#1027=CARTESIAN_POINT('Ctrl Pts',(7.12298742378338,72.7028451951348,-9.29703577936361));
#1028=CARTESIAN_POINT('Ctrl Pts',(6.75619729255191,72.7028451951348,-8.66173663635585));
#1029=CARTESIAN_POINT('Ctrl Pts',(7.12298742378338,72.7028451951348,-8.0264374933481));
#1030=CARTESIAN_POINT('Ctrl Pts',(6.05256370881298,73.3160159350019,-9.91504519934873));
#1031=CARTESIAN_POINT('Ctrl Pts',(5.32896567259138,73.3160159350019,-8.66173663635586));
#1032=CARTESIAN_POINT('Ctrl Pts',(6.05256370881298,73.3160159350019,-7.40842807336298));
#1033=CARTESIAN_POINT('Ctrl Pts',(4.3252944406392,73.8438051646705,-10.9122845762918));
#1034=CARTESIAN_POINT('Ctrl Pts',(3.025939981693,73.8438051646705,-8.66173663635586));
#1035=CARTESIAN_POINT('Ctrl Pts',(4.3252944406392,73.8438051646705,-6.41118869641988));
#1036=CARTESIAN_POINT('Ctrl Pts',(2.26253752211712,74.0190926088793,-12.1032178384733));
#1037=CARTESIAN_POINT('Ctrl Pts',(0.275597423663565,74.0190926088793,-8.66173663635586));
#1038=CARTESIAN_POINT('Ctrl Pts',(2.26253752211712,74.0190926088793,-5.22025543423839));
#1039=CARTESIAN_POINT('Ctrl Pts',(-0.0261397564352363,73.6236477041729,
-13.4245862813337));
#1040=CARTESIAN_POINT('Ctrl Pts',(-2.77597228107291,73.6236477041729,-8.66173663635586));
#1041=CARTESIAN_POINT('Ctrl Pts',(-0.0261397564352416,73.6236477041729,
-3.89888699137801));
#1042=CARTESIAN_POINT('Ctrl Pts',(-2.4003923723293,72.4039001300931,-14.7953616682443));
#1043=CARTESIAN_POINT('Ctrl Pts',(-5.94164243559833,72.4039001300931,-8.66173663635586));
#1044=CARTESIAN_POINT('Ctrl Pts',(-2.4003923723293,72.4039001300931,-2.5281116044674));
#1045=CARTESIAN_POINT('Ctrl Pts',(-4.71079629265765,70.1337117618453,-16.1292739935827));
#1046=CARTESIAN_POINT('Ctrl Pts',(-9.02218099603614,70.1337117618453,-8.66173663635587));
#1047=CARTESIAN_POINT('Ctrl Pts',(-4.71079629265766,70.1337117618453,-1.19419927912906));
#1048=CARTESIAN_POINT('Ctrl Pts',(-6.82050976430889,66.6760045247325,-17.3473176343535));
#1049=CARTESIAN_POINT('Ctrl Pts',(-11.8351322915711,66.6760045247325,-8.66173663635587));
#1050=CARTESIAN_POINT('Ctrl Pts',(-6.82050976430891,66.6760045247325,0.0238443616417619));
#1051=CARTESIAN_POINT('Ctrl Pts',(-8.62984386309496,62.0563676514359,-18.3919371633416));
#1052=CARTESIAN_POINT('Ctrl Pts',(-14.2475777566192,62.0563676514359,-8.66173663635587));
#1053=CARTESIAN_POINT('Ctrl Pts',(-8.62984386309497,62.0563676514359,1.06846389062987));
#1054=CARTESIAN_POINT('Ctrl Pts',(-10.0741345438183,56.4393572943127,-19.2257987766453));
#1055=CARTESIAN_POINT('Ctrl Pts',(-16.1732986642503,56.4393572943127,-8.66173663635587));
#1056=CARTESIAN_POINT('Ctrl Pts',(-10.0741345438183,56.4393572943127,1.90232550393356));
#1057=CARTESIAN_POINT('Ctrl Pts',(-11.1168164274649,50.0874974462188,-19.8277914428478));
#1058=CARTESIAN_POINT('Ctrl Pts',(-17.5635411757792,50.0874974462188,-8.66173663635587));
#1059=CARTESIAN_POINT('Ctrl Pts',(-11.1168164274649,50.0874974462188,2.50431817013607));
#1060=CARTESIAN_POINT('Ctrl Pts',(-11.7446431376809,43.3280352070651,-20.1902673629954));
#1061=CARTESIAN_POINT('Ctrl Pts',(-18.4006434560671,43.3280352070651,-8.66173663635587));
#1062=CARTESIAN_POINT('Ctrl Pts',(-11.7446431376809,43.3280352070651,2.86679409028371));
#1063=CARTESIAN_POINT('Ctrl Pts',(-11.9624422104826,36.5173290446685,-20.3160137163068));
#1064=CARTESIAN_POINT('Ctrl Pts',(-18.6910422198028,36.5173290446685,-8.66173663635587));
#1065=CARTESIAN_POINT('Ctrl Pts',(-11.9624422104826,36.5173290446685,2.99254044359503));
#1066=CARTESIAN_POINT('Ctrl Pts',(-11.7885062290725,30.0076154242046,-20.2155917306179));
#1067=CARTESIAN_POINT('Ctrl Pts',(-18.4591275779226,30.0076154242046,-8.66173663635587));
#1068=CARTESIAN_POINT('Ctrl Pts',(-11.7885062290725,30.0076154242046,2.89211845790612));
#1069=CARTESIAN_POINT('Ctrl Pts',(-11.2499937077608,24.1112920043273,-19.9046813814766));
#1070=CARTESIAN_POINT('Ctrl Pts',(-17.7411108828404,24.1112920043273,-8.66173663635587));
#1071=CARTESIAN_POINT('Ctrl Pts',(-11.2499937077608,24.1112920043273,2.58120810876485));
#1072=CARTESIAN_POINT('Ctrl Pts',(-10.3787844917309,19.069586298028,-19.4016885060812));
#1073=CARTESIAN_POINT('Ctrl Pts',(-16.5794985948004,19.069586298028,-8.66173663635587));
#1074=CARTESIAN_POINT('Ctrl Pts',(-10.3787844917309,19.069586298028,2.07821523336948));
#1075=CARTESIAN_POINT('Ctrl Pts',(-9.20697810409732,15.0093000251233,-18.7251457727429));
#1076=CARTESIAN_POINT('Ctrl Pts',(-15.0170900779557,15.0093000251233,-8.66173663635587));
#1077=CARTESIAN_POINT('Ctrl Pts',(-9.20697810409733,15.0093000251233,1.40167250003112));
#1078=CARTESIAN_POINT('Ctrl Pts',(-7.7641529926578,11.935803076199,-17.8921303062597));
#1079=CARTESIAN_POINT('Ctrl Pts',(-13.093323262703,11.935803076199,-8.66173663635587));
#1080=CARTESIAN_POINT('Ctrl Pts',(-7.76415299265782,11.935803076199,0.568657033547972));
#1081=CARTESIAN_POINT('Ctrl Pts',(-6.07708773020221,9.77769939779491,-16.9181027228405));
#1082=CARTESIAN_POINT('Ctrl Pts',(-10.8439029127622,9.77769939779491,-8.66173663635587));
#1083=CARTESIAN_POINT('Ctrl Pts',(-6.07708773020222,9.77769939779491,-0.40537054987123));
#1084=CARTESIAN_POINT('Ctrl Pts',(-4.16893731033267,8.41889783207182,-15.8164315642745));
#1085=CARTESIAN_POINT('Ctrl Pts',(-8.29970235293615,8.41889783207182,-8.66173663635587));
#1086=CARTESIAN_POINT('Ctrl Pts',(-4.16893731033267,8.41889783207182,-1.50704170843721));
#1087=CARTESIAN_POINT('Ctrl Pts',(-2.05877841227918,7.7323440534,-14.5981307564504));
#1088=CARTESIAN_POINT('Ctrl Pts',(-5.4861571555315,7.7323440534,-8.66173663635586));
#1089=CARTESIAN_POINT('Ctrl Pts',(-2.05877841227918,7.7323440534,-2.72534251626127));
#1090=CARTESIAN_POINT('Ctrl Pts',(0.23911971229221,7.61835824327519,-13.2714386556588));
#1091=CARTESIAN_POINT('Ctrl Pts',(-2.42229298943632,7.61835824327519,-8.66173663635586));
#1092=CARTESIAN_POINT('Ctrl Pts',(0.239119712292204,7.61835824327519,-4.0520346170529));
#1093=CARTESIAN_POINT('Ctrl Pts',(2.71514455377389,8.01680575462909,-11.8419050469092));
#1094=CARTESIAN_POINT('Ctrl Pts',(0.879073465872586,8.01680575462909,-8.66173663635586));
#1095=CARTESIAN_POINT('Ctrl Pts',(2.71514455377388,8.01680575462909,-5.48156822580255));
#1096=CARTESIAN_POINT('Ctrl Pts',(4.83377781149132,8.71849943779314,-10.6187115652519));
#1097=CARTESIAN_POINT('Ctrl Pts',(3.70391780949583,8.71849943779314,-8.66173663635586));
#1098=CARTESIAN_POINT('Ctrl Pts',(4.83377781149132,8.71849943779314,-6.7047617074598));
#1099=CARTESIAN_POINT('Ctrl Pts',(6.4989955313589,9.45416705093757,-9.65729766642703));
#1100=CARTESIAN_POINT('Ctrl Pts',(5.9242081026526,9.45416705093757,-8.66173663635586));
#1101=CARTESIAN_POINT('Ctrl Pts',(6.4989955313589,9.45416705093757,-7.66617560628468));
#1102=CARTESIAN_POINT('Ctrl Pts',(7.64293755155638,10.0374162020079,-8.99684243312869));
#1103=CARTESIAN_POINT('Ctrl Pts',(7.44946412958258,10.0374162020079,-8.66173663635585));
#1104=CARTESIAN_POINT('Ctrl Pts',(7.64293755155638,10.0374162020079,-8.32663083958302));
#1105=CARTESIAN_POINT('Ctrl Pts',(8.22335781747778,10.3522429143042,-8.66173663635585));
#1106=CARTESIAN_POINT('Ctrl Pts',(8.22335781747778,10.3522429143042,-8.66173663635585));
#1107=CARTESIAN_POINT('Ctrl Pts',(8.22335781747778,10.3522429143042,-8.66173663635585));
#1108=CARTESIAN_POINT('',(-4.07654534701395,8.28888924304033,-3.11863230207966));
#1109=CARTESIAN_POINT('',(-4.28715408406682,8.06718317916606,-6.22015222939767));
#1110=CARTESIAN_POINT('Ctrl Pts',(-4.07654534701395,8.28888924304034,-3.11863230207966));
#1111=CARTESIAN_POINT('Ctrl Pts',(-4.21639177912812,8.18832059348968,-4.14360520660005));
#1112=CARTESIAN_POINT('Ctrl Pts',(-4.28715408406682,8.11793809668934,-5.18039897967589));
#1113=CARTESIAN_POINT('Ctrl Pts',(-4.28715408406682,8.06718317916606,-6.2201522293981));
#1114=CARTESIAN_POINT('',(-4.07654534700785,71.2075066548758,-3.11863230207886));
#1115=CARTESIAN_POINT('Ctrl Pts',(-4.07654534701394,8.28888924304033,-3.11863230207966));
#1116=CARTESIAN_POINT('Ctrl Pts',(-4.23997150358643,8.3399201672495,-3.11863230207966));
#1117=CARTESIAN_POINT('Ctrl Pts',(-4.40239915020594,8.39499755418468,-3.11863230207967));
#1118=CARTESIAN_POINT('Ctrl Pts',(-5.5797046779447,8.82805812191449,-3.11863230207967));
#1119=CARTESIAN_POINT('Ctrl Pts',(-6.50072411399088,9.352046272243,-3.11863230207967));
#1120=CARTESIAN_POINT('Ctrl Pts',(-8.45443911274569,10.9525412611322,-3.11863230207967));
#1121=CARTESIAN_POINT('Ctrl Pts',(-9.48941077543702,12.2084247717075,-3.11863230207967));
#1122=CARTESIAN_POINT('Ctrl Pts',(-12.6533058583514,18.1690782457354,-3.11863230207967));
#1123=CARTESIAN_POINT('Ctrl Pts',(-13.5379139126403,23.9133114389028,-3.11863230224845));
#1124=CARTESIAN_POINT('Ctrl Pts',(-14.571301115937,34.8427765770732,-3.11863230224845));
#1125=CARTESIAN_POINT('Ctrl Pts',(-14.387725387598,42.6827991520652,-3.11863230207967));
#1126=CARTESIAN_POINT('Ctrl Pts',(-12.6403750558032,54.2710869102769,-3.11863230207967));
#1127=CARTESIAN_POINT('Ctrl Pts',(-11.5425457971413,59.0336668547009,-3.11863230207966));
#1128=CARTESIAN_POINT('Ctrl Pts',(-8.34724969384708,66.4805579128,-3.11863230207966));
#1129=CARTESIAN_POINT('Ctrl Pts',(-6.77044145792624,68.6951615432824,-3.11863230207967));
#1130=CARTESIAN_POINT('Ctrl Pts',(-4.84205149767063,70.5738542552002,-3.11863230207967));
#1131=CARTESIAN_POINT('Ctrl Pts',(-4.46726494031908,70.9025387888737,-3.11863230207966));
#1132=CARTESIAN_POINT('Ctrl Pts',(-4.07654534700198,71.2075066548758,-3.11863230207966));
#1133=CARTESIAN_POINT('',(-4.28715408406682,71.797646780969,-6.22015222940313));
#1134=CARTESIAN_POINT('Ctrl Pts',(-4.28715408406682,71.797646780969,-6.22015222940901));
#1135=CARTESIAN_POINT('Ctrl Pts',(-4.28715408406682,71.6512025081355,-5.17420087105855));
#1136=CARTESIAN_POINT('Ctrl Pts',(-4.21545449973381,71.4572069834998,-4.13673562853083));
#1137=CARTESIAN_POINT('Ctrl Pts',(-4.07654534701403,71.2075066548666,-3.11863230208027));
#1138=CARTESIAN_POINT('Ctrl Pts',(-2.58180935750335,71.9891188490388,-14.9001028134701));
#1139=CARTESIAN_POINT('Ctrl Pts',(-3.39292345762999,72.1887070125653,-12.9155574036758));
#1140=CARTESIAN_POINT('Ctrl Pts',(-3.92737357333111,72.208967894647,-10.8018845389359));
#1141=CARTESIAN_POINT('Ctrl Pts',(-4.24400964134989,71.9963493364647,-7.84906688798714));
#1142=CARTESIAN_POINT('Ctrl Pts',(-4.28715408406682,71.911321529,-7.03205326734446));
#1143=CARTESIAN_POINT('Ctrl Pts',(-4.28715408406682,71.797646780969,-6.22015222940901));
#1144=CARTESIAN_POINT('Ctrl Pts',(-4.28715408406682,8.06718317916606,-6.2201522293981));
#1145=CARTESIAN_POINT('Ctrl Pts',(-4.28715408406682,8.02849474802594,-7.01271428973723));
#1146=CARTESIAN_POINT('Ctrl Pts',(-4.24606385901578,8.00127563911477,-7.8069991049534));
#1147=CARTESIAN_POINT('Ctrl Pts',(-3.93807248489976,7.93140523949746,-10.761166690209));
#1148=CARTESIAN_POINT('Ctrl Pts',(-3.40377021430154,7.93607044407956,-12.889018743874));
#1149=CARTESIAN_POINT('Ctrl Pts',(-2.58180935750335,8.00237780856476,-14.9001028134701));
#1150=CARTESIAN_POINT('Origin',(-3.25409007273632,40.8187254260773,-3.11863230207966));
#1151=CARTESIAN_POINT('',(-4.07654534701395,8.00237780856476,-3.11863230207966));
#1152=CARTESIAN_POINT('',(-4.07654534701395,0.,-3.11863230207966));
#1153=CARTESIAN_POINT('',(-4.07654534701395,71.9891188490388,-3.11863230207966));
#1154=CARTESIAN_POINT('Ctrl Pts',(-4.07654534701395,71.9891188490388,-3.11863230207966));
#1155=CARTESIAN_POINT('Ctrl Pts',(-4.56790057006981,71.6507494463223,-3.11863230207966));
#1156=CARTESIAN_POINT('Ctrl Pts',(-5.58863918480081,70.8505904358134,-3.11863230207966));
#1157=CARTESIAN_POINT('Ctrl Pts',(-7.10456777203982,69.3245312909646,-3.11863230207966));
#1158=CARTESIAN_POINT('Ctrl Pts',(-9.00638923064294,66.5976980538085,-3.11863230207966));
#1159=CARTESIAN_POINT('Ctrl Pts',(-11.0602140467569,62.0563676514359,-3.11863230207966));
#1160=CARTESIAN_POINT('Ctrl Pts',(-12.7279372733643,56.4393572943127,-3.11863230207966));
#1161=CARTESIAN_POINT('Ctrl Pts',(-13.9319226057693,50.0874974462188,-3.11863230207966));
#1162=CARTESIAN_POINT('Ctrl Pts',(-14.6568744460646,43.3280352070651,-3.11863230207966));
#1163=CARTESIAN_POINT('Ctrl Pts',(-14.9083671526872,36.5173290446685,-3.11863230207966));
#1164=CARTESIAN_POINT('Ctrl Pts',(-14.7075231813094,30.0076154242046,-3.11863230207966));
#1165=CARTESIAN_POINT('Ctrl Pts',(-14.0857024830269,24.1112920043273,-3.11863230207966));
#1166=CARTESIAN_POINT('Ctrl Pts',(-13.0797167322361,19.069586298028,-3.11863230207966));
#1167=CARTESIAN_POINT('Ctrl Pts',(-11.7266312655594,15.0093000251233,-3.11863230207966));
#1168=CARTESIAN_POINT('Ctrl Pts',(-10.0606003325931,11.935803076199,-3.11863230207966));
#1169=CARTESIAN_POINT('Ctrl Pts',(-8.21449962479873,9.89064706829119,-3.11863230207966));
#1170=CARTESIAN_POINT('Ctrl Pts',(-6.57962784488062,8.83562480237818,-3.11863230207966));
#1171=CARTESIAN_POINT('Ctrl Pts',(-5.29391057083048,8.31901464522342,-3.11863230207966));
#1172=CARTESIAN_POINT('Ctrl Pts',(-4.44369474288348,8.0852666606057,-3.11863230207966));
#1173=CARTESIAN_POINT('Ctrl Pts',(-4.07654534701395,8.00237780856476,-3.11863230207966));
#1174=CARTESIAN_POINT('',(-4.07654534701395,0.,-3.11863230207966));
#1175=CARTESIAN_POINT('Ctrl Pts',(8.40018700721458,71.5322438259573,-3.11863230207966));
#1176=CARTESIAN_POINT('Ctrl Pts',(8.40018700721458,71.5322438259573,-3.11863230207966));
#1177=CARTESIAN_POINT('Ctrl Pts',(8.40018700721458,71.5322438259573,-3.11863230207966));
#1178=CARTESIAN_POINT('Ctrl Pts',(8.23113357732365,71.7456878856581,-3.11863230207966));
#1179=CARTESIAN_POINT('Ctrl Pts',(8.23113357732365,71.7456878856581,-3.02102925882471));
#1180=CARTESIAN_POINT('Ctrl Pts',(8.31566029226912,71.7456878856581,-2.97222773719723));
#1181=CARTESIAN_POINT('Ctrl Pts',(7.84643260913,72.1525607916279,-3.11863230207966));
#1182=CARTESIAN_POINT('Ctrl Pts',(7.84643260913,72.1525607916279,-2.79892205128059));
#1183=CARTESIAN_POINT('Ctrl Pts',(8.12330980817229,72.1525607916279,-2.63906692588106));
#1184=CARTESIAN_POINT('Ctrl Pts',(7.12958872119907,72.7028451951348,-3.11863230207966));
#1185=CARTESIAN_POINT('Ctrl Pts',(7.12958872119907,72.7028451951348,-2.38505203961673));
#1186=CARTESIAN_POINT('Ctrl Pts',(7.76488786420682,72.7028451951348,-2.01826190838526));
#1187=CARTESIAN_POINT('Ctrl Pts',(5.89356988122883,73.3160159350019,-3.11863230207966));
#1188=CARTESIAN_POINT('Ctrl Pts',(5.89356988122883,73.3160159350019,-1.67143622963646));
#1189=CARTESIAN_POINT('Ctrl Pts',(7.14687844422171,73.3160159350019,-0.947838193414864));
#1190=CARTESIAN_POINT('Ctrl Pts',(3.89909112734262,73.8438051646705,-3.11863230207966));
#1191=CARTESIAN_POINT('Ctrl Pts',(3.89909112734262,73.8438051646705,-0.519923384187274));
#1192=CARTESIAN_POINT('Ctrl Pts',(6.1496390672786,73.8438051646705,0.779431074758922));
#1193=CARTESIAN_POINT('Ctrl Pts',(1.51722460297966,74.0190926088793,-3.11863230207966));
#1194=CARTESIAN_POINT('Ctrl Pts',(1.51722460297965,74.0190926088793,0.855247894827445));
#1195=CARTESIAN_POINT('Ctrl Pts',(4.95870580509712,74.0190926088793,2.842187993281));
#1196=CARTESIAN_POINT('Ctrl Pts',(-1.12551228274111,73.6236477041729,-3.11863230207966));
#1197=CARTESIAN_POINT('Ctrl Pts',(-1.12551228274112,73.6236477041729,2.38103274719568));
#1198=CARTESIAN_POINT('Ctrl Pts',(3.63733736223673,73.6236477041729,5.13086527183336));
#1199=CARTESIAN_POINT('Ctrl Pts',(-3.86706305656233,72.4039001300931,-3.11863230207966));
#1200=CARTESIAN_POINT('Ctrl Pts',(-3.86706305656234,72.4039001300931,3.96386782445839));
#1201=CARTESIAN_POINT('Ctrl Pts',(2.26656197532612,72.4039001300931,7.50511788772742));
#1202=CARTESIAN_POINT('Ctrl Pts',(-6.53488770723902,70.1337117618453,-3.11863230207966));
#1203=CARTESIAN_POINT('Ctrl Pts',(-6.53488770723902,70.1337117618453,5.50413710467729));
#1204=CARTESIAN_POINT('Ctrl Pts',(0.932649649987781,70.1337117618453,9.81552180805578));
#1205=CARTESIAN_POINT('Ctrl Pts',(-8.97097498878067,66.6760045247325,-3.11863230207966));
#1206=CARTESIAN_POINT('Ctrl Pts',(-8.97097498878068,66.6760045247325,6.91061275244479));
#1207=CARTESIAN_POINT('Ctrl Pts',(-0.285393990783046,66.6760045247325,11.925235279707));
#1208=CARTESIAN_POINT('Ctrl Pts',(-11.0602140467569,62.0563676514359,-3.11863230207966));
#1209=CARTESIAN_POINT('Ctrl Pts',(-11.0602140467569,62.0563676514359,8.11683548496884));
#1210=CARTESIAN_POINT('Ctrl Pts',(-1.33001351977115,62.0563676514359,13.7345693784931));
#1211=CARTESIAN_POINT('Ctrl Pts',(-12.7279372733643,56.4393572943127,-3.11863230207966));
#1212=CARTESIAN_POINT('Ctrl Pts',(-12.7279372733643,56.4393572943127,9.0796959387844));
#1213=CARTESIAN_POINT('Ctrl Pts',(-2.16387513307484,56.4393572943127,15.1788600592164));
#1214=CARTESIAN_POINT('Ctrl Pts',(-13.9319226057693,50.0874974462188,-3.11863230207966));
#1215=CARTESIAN_POINT('Ctrl Pts',(-13.9319226057693,50.0874974462188,9.77481719454881));
#1216=CARTESIAN_POINT('Ctrl Pts',(-2.76586779927736,50.0874974462188,16.221541942863));
#1217=CARTESIAN_POINT('Ctrl Pts',(-14.6568744460646,43.3280352070651,-3.11863230207966));
#1218=CARTESIAN_POINT('Ctrl Pts',(-14.6568744460646,43.3280352070651,10.1933683346928));
#1219=CARTESIAN_POINT('Ctrl Pts',(-3.12834371942499,43.3280352070651,16.849368653079));
#1220=CARTESIAN_POINT('Ctrl Pts',(-14.9083671526872,36.5173290446685,-3.11863230207966));
#1221=CARTESIAN_POINT('Ctrl Pts',(-14.9083671526872,36.5173290446685,10.3385677165606));
#1222=CARTESIAN_POINT('Ctrl Pts',(-3.25409007273632,36.5173290446685,17.0671677258807));
#1223=CARTESIAN_POINT('Ctrl Pts',(-14.7075231813094,30.0076154242046,-3.11863230207966));
#1224=CARTESIAN_POINT('Ctrl Pts',(-14.7075231813094,30.0076154242046,10.2226103956205));
#1225=CARTESIAN_POINT('Ctrl Pts',(-3.15366808704741,30.0076154242046,16.8932317444706));
#1226=CARTESIAN_POINT('Ctrl Pts',(-14.0857024830269,24.1112920043273,-3.11863230207966));
#1227=CARTESIAN_POINT('Ctrl Pts',(-14.0857024830269,24.1112920043273,9.86360204807941));
#1228=CARTESIAN_POINT('Ctrl Pts',(-2.84275773790614,24.1112920043273,16.3547192231589));
#1229=CARTESIAN_POINT('Ctrl Pts',(-13.0797167322361,19.069586298028,-3.11863230207966));
#1230=CARTESIAN_POINT('Ctrl Pts',(-13.0797167322361,19.069586298028,9.28279590405944));
#1231=CARTESIAN_POINT('Ctrl Pts',(-2.33976486251077,19.069586298028,15.483510007129));
#1232=CARTESIAN_POINT('Ctrl Pts',(-11.7266312655594,15.0093000251233,-3.11863230207966));
#1233=CARTESIAN_POINT('Ctrl Pts',(-11.7266312655594,15.0093000251233,8.50159164563707));
#1234=CARTESIAN_POINT('Ctrl Pts',(-1.66322212917241,15.0093000251233,14.3117036194954));
#1235=CARTESIAN_POINT('Ctrl Pts',(-10.0606003325931,11.935803076199,-3.11863230207966));
#1236=CARTESIAN_POINT('Ctrl Pts',(-10.0606003325931,11.935803076199,7.53970823801073));
#1237=CARTESIAN_POINT('Ctrl Pts',(-0.830206662689255,11.935803076199,12.8688785080559));
#1238=CARTESIAN_POINT('Ctrl Pts',(-8.11254516575468,9.77769939779491,-3.11863230207966));
#1239=CARTESIAN_POINT('Ctrl Pts',(-8.11254516575469,9.77769939779491,6.41499806304033));
#1240=CARTESIAN_POINT('Ctrl Pts',(0.143820920729948,9.77769939779491,11.1818132456003));
#1241=CARTESIAN_POINT('Ctrl Pts',(-5.90920284862272,8.41889783207182,-3.11863230207966));
#1242=CARTESIAN_POINT('Ctrl Pts',(-5.90920284862272,8.41889783207182,5.1428977831273));
#1243=CARTESIAN_POINT('Ctrl Pts',(1.24549207929593,8.41889783207182,9.27366282573079));
#1244=CARTESIAN_POINT('Ctrl Pts',(-3.47260123297459,7.7323440534,-3.11863230207966));
#1245=CARTESIAN_POINT('Ctrl Pts',(-3.47260123297459,7.7323440534,3.73612518442498));
#1246=CARTESIAN_POINT('Ctrl Pts',(2.46379288712,7.7323440534,7.1635039276773));
#1247=CARTESIAN_POINT('Ctrl Pts',(-0.819217031391337,7.61835824327519,-3.11863230207966));
#1248=CARTESIAN_POINT('Ctrl Pts',(-0.81921703139134,7.61835824327519,2.20419310137739));
#1249=CARTESIAN_POINT('Ctrl Pts',(3.79048498791162,7.61835824327519,4.86560580310591));
#1250=CARTESIAN_POINT('Ctrl Pts',(2.03985018610796,8.01680575462909,-3.11863230207966));
#1251=CARTESIAN_POINT('Ctrl Pts',(2.03985018610796,8.01680575462909,0.553509873722934));
#1252=CARTESIAN_POINT('Ctrl Pts',(5.22001859666127,8.01680575462909,2.38958096162423));
#1253=CARTESIAN_POINT('Ctrl Pts',(4.48623714942247,8.71849943779314,-3.11863230207966));
#1254=CARTESIAN_POINT('Ctrl Pts',(4.48623714942246,8.71849943779314,-0.858912298088688));
#1255=CARTESIAN_POINT('Ctrl Pts',(6.44321207831852,8.71849943779314,0.2709477039068));
#1256=CARTESIAN_POINT('Ctrl Pts',(6.40906494707223,9.45416705093757,-3.11863230207966));
#1257=CARTESIAN_POINT('Ctrl Pts',(6.40906494707223,9.45416705093757,-1.96905744466707));
#1258=CARTESIAN_POINT('Ctrl Pts',(7.40462597714341,9.45416705093757,-1.39427001596078));
#1259=CARTESIAN_POINT('Ctrl Pts',(7.72997541366891,10.0374162020079,-3.11863230207966));
#1260=CARTESIAN_POINT('Ctrl Pts',(7.72997541366891,10.0374162020079,-2.73168545813206));
#1261=CARTESIAN_POINT('Ctrl Pts',(8.06508121044175,10.0374162020079,-2.53821203615826));
#1262=CARTESIAN_POINT('Ctrl Pts',(8.40018700721458,10.3522429143042,-3.11863230207966));
#1263=CARTESIAN_POINT('Ctrl Pts',(8.40018700721458,10.3522429143042,-3.11863230207966));
#1264=CARTESIAN_POINT('Ctrl Pts',(8.40018700721458,10.3522429143042,-3.11863230207966));
#1265=CARTESIAN_POINT('',(0.519710569814227,8.28888924304033,7.831788449477));
#1266=CARTESIAN_POINT('Ctrl Pts',(0.519710569814227,8.28888924304034,7.831788449477));
#1267=CARTESIAN_POINT('Ctrl Pts',(-0.596851952578941,8.11166115903763,6.39073691004739));
#1268=CARTESIAN_POINT('Ctrl Pts',(-1.54549500512786,8.02585501359811,4.8104781213447));
#1269=CARTESIAN_POINT('Ctrl Pts',(-3.18163560792477,7.93140523949745,1.14392308900382));
#1270=CARTESIAN_POINT('Ctrl Pts',(-3.78284229511956,7.93607044407956,-0.966001980264142));
#1271=CARTESIAN_POINT('Ctrl Pts',(-4.07654534701395,8.00237780856476,-3.11863230207966));
#1272=CARTESIAN_POINT('',(0.51971056981991,71.2075066548758,7.83178844947465));
#1273=CARTESIAN_POINT('Ctrl Pts',(0.519710569814232,8.28888924304033,7.831788449477));
#1274=CARTESIAN_POINT('Ctrl Pts',(0.378179366579497,8.33992016724954,7.91350152776331));
#1275=CARTESIAN_POINT('Ctrl Pts',(0.237512898329969,8.39499755418476,7.99471535107313));
#1276=CARTESIAN_POINT('Ctrl Pts',(-0.782063596707797,8.82805812191469,8.5833681149426));
#1277=CARTESIAN_POINT('Ctrl Pts',(-1.57968982570302,9.35204627224328,9.04387783296569));
#1278=CARTESIAN_POINT('Ctrl Pts',(-3.27165664637801,10.9525412611313,10.0207353323423));
#1279=CARTESIAN_POINT('Ctrl Pts',(-4.16796839846608,12.208424771706,10.5382211636882));
#1280=CARTESIAN_POINT('Ctrl Pts',(-6.90798191518049,18.1690782457389,12.1201687051465));
#1281=CARTESIAN_POINT('Ctrl Pts',(-7.67407496267098,23.9133114389103,12.5624727321445));
#1282=CARTESIAN_POINT('Ctrl Pts',(-8.5690145326707,34.8427765770771,13.0791663337923));
#1283=CARTESIAN_POINT('Ctrl Pts',(-8.4100332883265,42.6827991520696,12.987378469769));
#1284=CARTESIAN_POINT('Ctrl Pts',(-6.8967835116802,54.2710869102819,12.1137033038711));
#1285=CARTESIAN_POINT('Ctrl Pts',(-5.94603548466096,59.0336668547052,11.56478867454));
#1286=CARTESIAN_POINT('Ctrl Pts',(-3.1788278865992,66.4805579127901,9.96714062289548));
#1287=CARTESIAN_POINT('Ctrl Pts',(-1.81327189739769,68.6951615432762,9.17873650493648));
#1288=CARTESIAN_POINT('Ctrl Pts',(-0.143237203407087,70.5738542552008,8.214541524805));
#1289=CARTESIAN_POINT('Ctrl Pts',(0.181337476255952,70.9025387888739,8.0271482461294));
#1290=CARTESIAN_POINT('Ctrl Pts',(0.519710569824602,71.2075066548758,7.83178844947102));
#1291=CARTESIAN_POINT('Ctrl Pts',(-4.07654534701395,71.9891188490388,-3.11863230207966));
#1292=CARTESIAN_POINT('Ctrl Pts',(-3.78671805819422,72.1887070125653,-0.994408512170659));
#1293=CARTESIAN_POINT('Ctrl Pts',(-3.19272900307697,72.208967894647,1.10331094183448));
#1294=CARTESIAN_POINT('Ctrl Pts',(-1.56189800440535,71.9205411091894,4.78705566712506));
#1295=CARTESIAN_POINT('Ctrl Pts',(-0.598162034098743,71.6510323983927,6.38904610012577));
#1296=CARTESIAN_POINT('Ctrl Pts',(0.519710569813852,71.2075066548666,7.83178844947652));
#1297=CARTESIAN_POINT('Origin',(1.23197773081515,40.8187254260773,7.42056081233819));
#1298=CARTESIAN_POINT('',(0.519710569814225,8.00237780856476,7.831788449477));
#1299=CARTESIAN_POINT('',(0.519710569814225,0.,7.83178844947701));
#1300=CARTESIAN_POINT('',(0.519710569814225,71.9891188490388,7.83178844947701));
#1301=CARTESIAN_POINT('Ctrl Pts',(0.519710569814225,71.9891188490388,7.83178844947701));
#1302=CARTESIAN_POINT('Ctrl Pts',(0.0941844643656811,71.6507494463223,8.07746606100494));
#1303=CARTESIAN_POINT('Ctrl Pts',(-0.789801106615097,70.8505904358134,8.58783536837043));
#1304=CARTESIAN_POINT('Ctrl Pts',(-2.10263377348714,69.3245312909646,9.34579966198994));
#1305=CARTESIAN_POINT('Ctrl Pts',(-3.74965947009981,66.5976980538085,10.2967103912915));
#1306=CARTESIAN_POINT('Ctrl Pts',(-5.52832393577739,62.0563676514359,11.3236227993485));
#1307=CARTESIAN_POINT('Ctrl Pts',(-6.97261461650074,56.4393572943127,12.1574844126522));
#1308=CARTESIAN_POINT('Ctrl Pts',(-8.01529650014735,50.0874974462188,12.7594770788547));
#1309=CARTESIAN_POINT('Ctrl Pts',(-8.64312321036333,43.3280352070651,13.1219529990023));
#1310=CARTESIAN_POINT('Ctrl Pts',(-8.86092228316505,36.5173290446685,13.2476993523136));
#1311=CARTESIAN_POINT('Ctrl Pts',(-8.68698630175491,30.0076154242046,13.1472773666247));
#1312=CARTESIAN_POINT('Ctrl Pts',(-8.14847378044325,24.1112920043273,12.8363670174835));
#1313=CARTESIAN_POINT('Ctrl Pts',(-7.2772645644133,19.069586298028,12.3333741420881));
#1314=CARTESIAN_POINT('Ctrl Pts',(-6.10545817677975,15.0093000251233,11.6568314087497));
#1315=CARTESIAN_POINT('Ctrl Pts',(-4.66263306534023,11.935803076199,10.8238159422666));
#1316=CARTESIAN_POINT('Ctrl Pts',(-3.06386295444588,9.89064706829119,9.90076558836939));
#1317=CARTESIAN_POINT('Ctrl Pts',(-1.64802246110652,8.83562480237818,9.08332969841034));
#1318=CARTESIAN_POINT('Ctrl Pts',(-0.53455863969461,8.31901464522342,8.44047106138527));
#1319=CARTESIAN_POINT('Ctrl Pts',(0.201749866007104,8.08526666060569,8.01536314741177));
#1320=CARTESIAN_POINT('Ctrl Pts',(0.519710569814227,8.00237780856476,7.831788449477));
#1321=CARTESIAN_POINT('',(0.519710569814225,0.,7.83178844947701));
#1322=CARTESIAN_POINT('Ctrl Pts',(11.3248777447954,71.5322438259573,1.59342227236274));
#1323=CARTESIAN_POINT('Ctrl Pts',(11.3248777447954,71.5322438259573,1.59342227236274));
#1324=CARTESIAN_POINT('Ctrl Pts',(11.3248777447954,71.5322438259573,1.59342227236274));
#1325=CARTESIAN_POINT('Ctrl Pts',(11.1784731799129,71.7456878856581,1.6779489873082));
#1326=CARTESIAN_POINT('Ctrl Pts',(11.2272747015404,71.7456878856581,1.76247570225367));
#1327=CARTESIAN_POINT('Ctrl Pts',(11.3248777447954,71.7456878856581,1.76247570225367));
#1328=CARTESIAN_POINT('Ctrl Pts',(10.8453123685968,72.1525607916279,1.87029947140503));
#1329=CARTESIAN_POINT('Ctrl Pts',(11.0051674939963,72.1525607916279,2.14717667044732));
#1330=CARTESIAN_POINT('Ctrl Pts',(11.3248777447954,72.1525607916279,2.14717667044732));
#1331=CARTESIAN_POINT('Ctrl Pts',(10.224507351101,72.7028451951348,2.2287214153705));
#1332=CARTESIAN_POINT('Ctrl Pts',(10.5912974823324,72.7028451951348,2.86402055837825));
#1333=CARTESIAN_POINT('Ctrl Pts',(11.3248777447954,72.7028451951348,2.86402055837825));
#1334=CARTESIAN_POINT('Ctrl Pts',(9.15408363613056,73.3160159350019,2.84673083535562));
#1335=CARTESIAN_POINT('Ctrl Pts',(9.87768167235216,73.3160159350019,4.10003939834849));
#1336=CARTESIAN_POINT('Ctrl Pts',(11.3248777447954,73.3160159350019,4.10003939834849));
#1337=CARTESIAN_POINT('Ctrl Pts',(7.42681436795678,73.8438051646705,3.84397021229872));
#1338=CARTESIAN_POINT('Ctrl Pts',(8.72616882690297,73.8438051646705,6.0945181522347));
#1339=CARTESIAN_POINT('Ctrl Pts',(11.3248777447954,73.8438051646705,6.0945181522347));
#1340=CARTESIAN_POINT('Ctrl Pts',(5.3640574494347,74.0190926088793,5.0349034744802));
#1341=CARTESIAN_POINT('Ctrl Pts',(7.35099754788825,74.0190926088793,8.47638467659767));
#1342=CARTESIAN_POINT('Ctrl Pts',(11.3248777447954,74.0190926088793,8.47638467659767));
#1343=CARTESIAN_POINT('Ctrl Pts',(3.07538017088234,73.6236477041729,6.35627191734059));
#1344=CARTESIAN_POINT('Ctrl Pts',(5.82521269552001,73.6236477041729,11.1191215623184));
#1345=CARTESIAN_POINT('Ctrl Pts',(11.3248777447954,73.6236477041729,11.1191215623184));
#1346=CARTESIAN_POINT('Ctrl Pts',(0.701127554988277,72.4039001300931,7.7270473042512));
#1347=CARTESIAN_POINT('Ctrl Pts',(4.2423776182573,72.4039001300931,13.8606723361397));
#1348=CARTESIAN_POINT('Ctrl Pts',(11.3248777447954,72.4039001300931,13.8606723361397));
#1349=CARTESIAN_POINT('Ctrl Pts',(-1.60927636534008,70.1337117618453,9.06095962958954));
#1350=CARTESIAN_POINT('Ctrl Pts',(2.7021083380384,70.1337117618453,16.5284969868163));
#1351=CARTESIAN_POINT('Ctrl Pts',(11.3248777447954,70.1337117618453,16.5284969868163));
#1352=CARTESIAN_POINT('Ctrl Pts',(-3.71898983699132,66.6760045247325,10.2790032703604));
#1353=CARTESIAN_POINT('Ctrl Pts',(1.2956326902709,66.6760045247325,18.964584268358));
#1354=CARTESIAN_POINT('Ctrl Pts',(11.3248777447954,66.6760045247325,18.964584268358));
#1355=CARTESIAN_POINT('Ctrl Pts',(-5.52832393577739,62.0563676514359,11.3236227993485));
#1356=CARTESIAN_POINT('Ctrl Pts',(0.0894099577468546,62.0563676514359,21.0538233263342));
#1357=CARTESIAN_POINT('Ctrl Pts',(11.3248777447954,62.0563676514359,21.0538233263342));
#1358=CARTESIAN_POINT('Ctrl Pts',(-6.97261461650074,56.4393572943127,12.1574844126522));
#1359=CARTESIAN_POINT('Ctrl Pts',(-0.873450496068708,56.4393572943127,22.7215465529416));
#1360=CARTESIAN_POINT('Ctrl Pts',(11.3248777447954,56.4393572943127,22.7215465529416));
#1361=CARTESIAN_POINT('Ctrl Pts',(-8.01529650014735,50.0874974462188,12.7594770788547));
#1362=CARTESIAN_POINT('Ctrl Pts',(-1.56857175183312,50.0874974462188,23.9255318853466));
#1363=CARTESIAN_POINT('Ctrl Pts',(11.3248777447954,50.0874974462188,23.9255318853466));
#1364=CARTESIAN_POINT('Ctrl Pts',(-8.64312321036333,43.3280352070651,13.1219529990023));
#1365=CARTESIAN_POINT('Ctrl Pts',(-1.9871228919771,43.3280352070651,24.6504837256419));
#1366=CARTESIAN_POINT('Ctrl Pts',(11.3248777447954,43.3280352070651,24.6504837256419));
#1367=CARTESIAN_POINT('Ctrl Pts',(-8.86092228316505,36.5173290446685,13.2476993523136));
#1368=CARTESIAN_POINT('Ctrl Pts',(-2.13232227384492,36.5173290446685,24.9019764322645));
#1369=CARTESIAN_POINT('Ctrl Pts',(11.3248777447954,36.5173290446685,24.9019764322645));
#1370=CARTESIAN_POINT('Ctrl Pts',(-8.68698630175491,30.0076154242046,13.1472773666247));
#1371=CARTESIAN_POINT('Ctrl Pts',(-2.01636495290483,30.0076154242046,24.7011324608867));
#1372=CARTESIAN_POINT('Ctrl Pts',(11.3248777447954,30.0076154242046,24.7011324608867));
#1373=CARTESIAN_POINT('Ctrl Pts',(-8.14847378044325,24.1112920043273,12.8363670174835));
#1374=CARTESIAN_POINT('Ctrl Pts',(-1.65735660536372,24.1112920043273,24.0793117626042));
#1375=CARTESIAN_POINT('Ctrl Pts',(11.3248777447954,24.1112920043273,24.0793117626042));
#1376=CARTESIAN_POINT('Ctrl Pts',(-7.2772645644133,19.069586298028,12.3333741420881));
#1377=CARTESIAN_POINT('Ctrl Pts',(-1.07655046134375,19.069586298028,23.0733260118134));
#1378=CARTESIAN_POINT('Ctrl Pts',(11.3248777447954,19.069586298028,23.0733260118134));
#1379=CARTESIAN_POINT('Ctrl Pts',(-6.10545817677975,15.0093000251233,11.6568314087497));
#1380=CARTESIAN_POINT('Ctrl Pts',(-0.295346202921382,15.0093000251233,21.7202405451367));
#1381=CARTESIAN_POINT('Ctrl Pts',(11.3248777447954,15.0093000251233,21.7202405451367));
#1382=CARTESIAN_POINT('Ctrl Pts',(-4.66263306534023,11.935803076199,10.8238159422666));
#1383=CARTESIAN_POINT('Ctrl Pts',(0.666537204704962,11.935803076199,20.0542096121704));
#1384=CARTESIAN_POINT('Ctrl Pts',(11.3248777447954,11.935803076199,20.0542096121704));
#1385=CARTESIAN_POINT('Ctrl Pts',(-2.97556780288464,9.77769939779491,9.84978835884737));
#1386=CARTESIAN_POINT('Ctrl Pts',(1.79124737967536,9.77769939779491,18.106154445332));
#1387=CARTESIAN_POINT('Ctrl Pts',(11.3248777447954,9.77769939779491,18.106154445332));
#1388=CARTESIAN_POINT('Ctrl Pts',(-1.06741738301509,8.41889783207182,8.74811720028139));
#1389=CARTESIAN_POINT('Ctrl Pts',(3.06334765958839,8.41889783207182,15.9028121282));
#1390=CARTESIAN_POINT('Ctrl Pts',(11.3248777447954,8.41889783207182,15.9028121282));
#1391=CARTESIAN_POINT('Ctrl Pts',(1.0427415150384,7.7323440534,7.52981639245732));
#1392=CARTESIAN_POINT('Ctrl Pts',(4.47012025829072,7.7323440534,13.4662105125519));
#1393=CARTESIAN_POINT('Ctrl Pts',(11.3248777447954,7.7323440534,13.4662105125519));
#1394=CARTESIAN_POINT('Ctrl Pts',(3.34063963960979,7.61835824327519,6.2031242916657));
#1395=CARTESIAN_POINT('Ctrl Pts',(6.00205234133831,7.61835824327519,10.8128263109687));
#1396=CARTESIAN_POINT('Ctrl Pts',(11.3248777447954,7.61835824327519,10.8128263109687));
#1397=CARTESIAN_POINT('Ctrl Pts',(5.81666448109146,8.01680575462909,4.77359068291605));
#1398=CARTESIAN_POINT('Ctrl Pts',(7.65273556899276,8.01680575462909,7.95375909346936));
#1399=CARTESIAN_POINT('Ctrl Pts',(11.3248777447954,8.01680575462909,7.95375909346936));
#1400=CARTESIAN_POINT('Ctrl Pts',(7.9352977388089,8.71849943779314,3.5503972012588));
#1401=CARTESIAN_POINT('Ctrl Pts',(9.06515774080438,8.71849943779314,5.50737213015486));
#1402=CARTESIAN_POINT('Ctrl Pts',(11.3248777447954,8.71849943779314,5.50737213015486));
#1403=CARTESIAN_POINT('Ctrl Pts',(9.60051545867648,9.45416705093757,2.58898330243392));
#1404=CARTESIAN_POINT('Ctrl Pts',(10.1753028873828,9.45416705093757,3.58454433250509));
#1405=CARTESIAN_POINT('Ctrl Pts',(11.3248777447954,9.45416705093757,3.58454433250509));
#1406=CARTESIAN_POINT('Ctrl Pts',(10.744457478874,10.0374162020079,1.92852806913558));
#1407=CARTESIAN_POINT('Ctrl Pts',(10.9379309008478,10.0374162020079,2.26363386590841));
#1408=CARTESIAN_POINT('Ctrl Pts',(11.3248777447954,10.0374162020079,2.26363386590841));
#1409=CARTESIAN_POINT('Ctrl Pts',(11.3248777447954,10.3522429143042,1.59342227236274));
#1410=CARTESIAN_POINT('Ctrl Pts',(11.3248777447954,10.3522429143042,1.59342227236274));
#1411=CARTESIAN_POINT('Ctrl Pts',(11.3248777447954,10.3522429143042,1.59342227236274));
#1412=CARTESIAN_POINT('',(9.9753953318603,8.28888924304033,15.0170030440393));
#1413=CARTESIAN_POINT('Ctrl Pts',(9.9753953318603,8.28888924304034,15.0170030440393));
#1414=CARTESIAN_POINT('Ctrl Pts',(8.28789805283938,8.11166115903763,14.3272970639271));
#1415=CARTESIAN_POINT('Ctrl Pts',(6.67621967585705,8.02585501359812,13.4330743346315));
#1416=CARTESIAN_POINT('Ctrl Pts',(3.42600283350126,7.93140523949746,11.075814833649));
#1417=CARTESIAN_POINT('Ctrl Pts',(1.85038003483153,7.93607044407956,9.54916946717871));
#1418=CARTESIAN_POINT('Ctrl Pts',(0.519710569814227,8.00237780856476,7.83178844947701));
#1419=CARTESIAN_POINT('',(9.97539533186404,71.2075066548758,15.0170030440344));
#1420=CARTESIAN_POINT('Ctrl Pts',(9.9753953318603,8.28888924304033,15.0170030440393));
#1421=CARTESIAN_POINT('Ctrl Pts',(9.893682253574,8.33992016724953,15.158534247274));
#1422=CARTESIAN_POINT('Ctrl Pts',(9.81246843026419,8.39499755418475,15.2992007155235));
#1423=CARTESIAN_POINT('Ctrl Pts',(9.2238156663948,8.82805812191462,16.3187772105611));
#1424=CARTESIAN_POINT('Ctrl Pts',(8.76330594837169,9.35204627224318,17.1164034395564));
#1425=CARTESIAN_POINT('Ctrl Pts',(7.7864484489951,10.9525412611311,18.8083702602313));
#1426=CARTESIAN_POINT('Ctrl Pts',(7.26896261764922,12.2084247717057,19.7046820123194));
#1427=CARTESIAN_POINT('Ctrl Pts',(5.68701507619084,18.1690782457386,22.444695529034));
#1428=CARTESIAN_POINT('Ctrl Pts',(5.24471104890049,23.9133114389103,23.2107885763556));
#1429=CARTESIAN_POINT('Ctrl Pts',(4.72801744725262,34.8427765770767,24.1057281463555));
#1430=CARTESIAN_POINT('Ctrl Pts',(4.81980531156839,42.6827991520693,23.9467469021799));
#1431=CARTESIAN_POINT('Ctrl Pts',(5.69348047746603,54.2710869102799,22.433497125534));
#1432=CARTESIAN_POINT('Ctrl Pts',(6.24239510679709,59.033666854704,21.4827490985148));
#1433=CARTESIAN_POINT('Ctrl Pts',(7.84004315844525,66.4805579128063,18.7155415004468));
#1434=CARTESIAN_POINT('Ctrl Pts',(8.62844727640623,68.6951615432868,17.3499855112418));
#1435=CARTESIAN_POINT('Ctrl Pts',(9.59264225653236,70.5738542552009,15.6799508172605));
#1436=CARTESIAN_POINT('Ctrl Pts',(9.78003553520793,70.902538788874,15.3553761375975));
#1437=CARTESIAN_POINT('Ctrl Pts',(9.97539533186629,71.2075066548758,15.0170030440289));
#1438=CARTESIAN_POINT('Ctrl Pts',(0.519710569814227,71.9891188490388,7.831788449477));
#1439=CARTESIAN_POINT('Ctrl Pts',(1.83282025959659,72.1887070125653,9.5265065704516));
#1440=CARTESIAN_POINT('Ctrl Pts',(3.39608959790061,72.208967894647,11.0461903800743));
#1441=CARTESIAN_POINT('Ctrl Pts',(6.65030303467469,71.9205411091894,13.420991393897));
#1442=CARTESIAN_POINT('Ctrl Pts',(8.28591808400141,71.6510323983927,14.326487820342));
#1443=CARTESIAN_POINT('Ctrl Pts',(9.97539533185973,71.2075066548666,15.017003044039));
#1444=CARTESIAN_POINT('Origin',(10.3866229689991,40.8187254260773,14.3047358830384));
#1445=CARTESIAN_POINT('',(9.97539533186029,8.00237780856476,15.0170030440393));
#1446=CARTESIAN_POINT('',(9.9753953318603,0.,15.0170030440393));
#1447=CARTESIAN_POINT('',(9.9753953318603,71.9891188490388,15.0170030440393));
#1448=CARTESIAN_POINT('Ctrl Pts',(9.9753953318603,71.9891188490388,15.0170030440393));
#1449=CARTESIAN_POINT('Ctrl Pts',(9.72971772033237,71.6507494463223,15.4425291494878));
#1450=CARTESIAN_POINT('Ctrl Pts',(9.21934841296687,70.8505904358134,16.3265147204686));
#1451=CARTESIAN_POINT('Ctrl Pts',(8.46138411934736,69.3245312909646,17.6393473873406));
#1452=CARTESIAN_POINT('Ctrl Pts',(7.5104733900458,66.5976980538085,19.2863730839533));
#1453=CARTESIAN_POINT('Ctrl Pts',(6.48356098198883,62.0563676514359,21.0650375496309));
#1454=CARTESIAN_POINT('Ctrl Pts',(5.64969936868514,56.4393572943127,22.5093282303542));
#1455=CARTESIAN_POINT('Ctrl Pts',(5.04770670248262,50.0874974462188,23.5520101140009));
#1456=CARTESIAN_POINT('Ctrl Pts',(4.68523078233499,43.3280352070651,24.1798368242168));
#1457=CARTESIAN_POINT('Ctrl Pts',(4.55948442902366,36.5173290446685,24.3976358970186));
#1458=CARTESIAN_POINT('Ctrl Pts',(4.65990641471257,30.0076154242046,24.2236999156084));
#1459=CARTESIAN_POINT('Ctrl Pts',(4.97081676385384,24.1112920043273,23.6851873942968));
#1460=CARTESIAN_POINT('Ctrl Pts',(5.47380963924922,19.069586298028,22.8139781782668));
#1461=CARTESIAN_POINT('Ctrl Pts',(6.15035237258757,15.0093000251233,21.6421717906332));
#1462=CARTESIAN_POINT('Ctrl Pts',(6.98336783907073,11.935803076199,20.1993466791937));
#1463=CARTESIAN_POINT('Ctrl Pts',(7.90641819296791,9.89064706829119,18.6005765682994));
#1464=CARTESIAN_POINT('Ctrl Pts',(8.72385408292696,8.83562480237818,17.18473607496));
#1465=CARTESIAN_POINT('Ctrl Pts',(9.36671271995203,8.31901464522342,16.0712722535481));
#1466=CARTESIAN_POINT('Ctrl Pts',(9.79182063392553,8.0852666606057,15.3349637478464));
#1467=CARTESIAN_POINT('Ctrl Pts',(9.97539533186029,8.00237780856476,15.0170030440393));
#1468=CARTESIAN_POINT('',(9.9753953318603,0.,15.0170030440393));
#1469=CARTESIAN_POINT('Ctrl Pts',(16.2137615089746,71.5322438259573,4.21183586905815));
#1470=CARTESIAN_POINT('Ctrl Pts',(16.2137615089746,71.5322438259573,4.21183586905815));
#1471=CARTESIAN_POINT('Ctrl Pts',(16.2137615089746,71.5322438259573,4.21183586905815));
#1472=CARTESIAN_POINT('Ctrl Pts',(16.1292347940291,71.7456878856581,4.35824043394058));
#1473=CARTESIAN_POINT('Ctrl Pts',(16.2137615089746,71.7456878856581,4.40704195556806));
#1474=CARTESIAN_POINT('Ctrl Pts',(16.29828822392,71.7456878856581,4.35824043394058));
#1475=CARTESIAN_POINT('Ctrl Pts',(15.9368843099323,72.1525607916279,4.69140124525675));
#1476=CARTESIAN_POINT('Ctrl Pts',(16.2137615089746,72.1525607916279,4.85125637065629));
#1477=CARTESIAN_POINT('Ctrl Pts',(16.4906387080169,72.1525607916279,4.69140124525675));
#1478=CARTESIAN_POINT('Ctrl Pts',(15.5784623659668,72.7028451951348,5.31220626275255));
#1479=CARTESIAN_POINT('Ctrl Pts',(16.2137615089746,72.7028451951348,5.67899639398401));
#1480=CARTESIAN_POINT('Ctrl Pts',(16.8490606519823,72.7028451951348,5.31220626275255));
#1481=CARTESIAN_POINT('Ctrl Pts',(14.9604529459817,73.3160159350019,6.38262997772294));
#1482=CARTESIAN_POINT('Ctrl Pts',(16.2137615089746,73.3160159350019,7.10622801394455));
#1483=CARTESIAN_POINT('Ctrl Pts',(17.4670700719674,73.3160159350019,6.38262997772294));
#1484=CARTESIAN_POINT('Ctrl Pts',(13.9632135690386,73.8438051646705,8.10989924589673));
#1485=CARTESIAN_POINT('Ctrl Pts',(16.2137615089746,73.8438051646705,9.40925370484293));
#1486=CARTESIAN_POINT('Ctrl Pts',(18.4643094489105,73.8438051646705,8.10989924589673));
#1487=CARTESIAN_POINT('Ctrl Pts',(12.7722803068571,74.0190926088793,10.1726561644188));
#1488=CARTESIAN_POINT('Ctrl Pts',(16.2137615089746,74.0190926088793,12.1595962628724));
#1489=CARTESIAN_POINT('Ctrl Pts',(19.655242711092,74.0190926088793,10.1726561644188));
#1490=CARTESIAN_POINT('Ctrl Pts',(11.4509118639967,73.6236477041729,12.4613334429712));
#1491=CARTESIAN_POINT('Ctrl Pts',(16.2137615089746,73.6236477041729,15.2111659676088));
#1492=CARTESIAN_POINT('Ctrl Pts',(20.9766111539524,73.6236477041729,12.4613334429712));
#1493=CARTESIAN_POINT('Ctrl Pts',(10.0801364770861,72.4039001300931,14.8355860588652));
#1494=CARTESIAN_POINT('Ctrl Pts',(16.2137615089746,72.4039001300931,18.3768361221343));
#1495=CARTESIAN_POINT('Ctrl Pts',(22.347386540863,72.4039001300931,14.8355860588652));
#1496=CARTESIAN_POINT('Ctrl Pts',(8.74622415174776,70.1337117618453,17.1459899791936));
#1497=CARTESIAN_POINT('Ctrl Pts',(16.2137615089746,70.1337117618453,21.4573746825721));
#1498=CARTESIAN_POINT('Ctrl Pts',(23.6812988662014,70.1337117618453,17.1459899791936));
#1499=CARTESIAN_POINT('Ctrl Pts',(7.52818051097694,66.6760045247325,19.2557034508448));
#1500=CARTESIAN_POINT('Ctrl Pts',(16.2137615089746,66.6760045247325,24.2703259781071));
#1501=CARTESIAN_POINT('Ctrl Pts',(24.8993425069722,66.6760045247325,19.2557034508448));
#1502=CARTESIAN_POINT('Ctrl Pts',(6.48356098198883,62.0563676514359,21.0650375496309));
#1503=CARTESIAN_POINT('Ctrl Pts',(16.2137615089746,62.0563676514359,26.6827714431551));
#1504=CARTESIAN_POINT('Ctrl Pts',(25.9439620359603,62.0563676514359,21.0650375496309));
#1505=CARTESIAN_POINT('Ctrl Pts',(5.64969936868514,56.4393572943127,22.5093282303542));
#1506=CARTESIAN_POINT('Ctrl Pts',(16.2137615089746,56.4393572943127,28.6084923507863));
#1507=CARTESIAN_POINT('Ctrl Pts',(26.777823649264,56.4393572943127,22.5093282303542));
#1508=CARTESIAN_POINT('Ctrl Pts',(5.04770670248262,50.0874974462188,23.5520101140009));
#1509=CARTESIAN_POINT('Ctrl Pts',(16.2137615089746,50.0874974462188,29.9987348623151));
#1510=CARTESIAN_POINT('Ctrl Pts',(27.3798163154665,50.0874974462188,23.5520101140009));
#1511=CARTESIAN_POINT('Ctrl Pts',(4.68523078233499,43.3280352070651,24.1798368242168));
#1512=CARTESIAN_POINT('Ctrl Pts',(16.2137615089746,43.3280352070651,30.8358371426031));
#1513=CARTESIAN_POINT('Ctrl Pts',(27.7422922356141,43.3280352070651,24.1798368242168));
#1514=CARTESIAN_POINT('Ctrl Pts',(4.55948442902366,36.5173290446685,24.3976358970186));
#1515=CARTESIAN_POINT('Ctrl Pts',(16.2137615089746,36.5173290446685,31.1262359063387));
#1516=CARTESIAN_POINT('Ctrl Pts',(27.8680385889255,36.5173290446685,24.3976358970186));
#1517=CARTESIAN_POINT('Ctrl Pts',(4.65990641471257,30.0076154242046,24.2236999156084));
#1518=CARTESIAN_POINT('Ctrl Pts',(16.2137615089746,30.0076154242046,30.8943212644585));
#1519=CARTESIAN_POINT('Ctrl Pts',(27.7676166032365,30.0076154242046,24.2236999156084));
#1520=CARTESIAN_POINT('Ctrl Pts',(4.97081676385384,24.1112920043273,23.6851873942968));
#1521=CARTESIAN_POINT('Ctrl Pts',(16.2137615089746,24.1112920043273,30.1763045693763));
#1522=CARTESIAN_POINT('Ctrl Pts',(27.4567062540953,24.1112920043273,23.6851873942968));
#1523=CARTESIAN_POINT('Ctrl Pts',(5.47380963924922,19.069586298028,22.8139781782668));
#1524=CARTESIAN_POINT('Ctrl Pts',(16.2137615089746,19.069586298028,29.0146922813364));
#1525=CARTESIAN_POINT('Ctrl Pts',(26.9537133786999,19.069586298028,22.8139781782668));
#1526=CARTESIAN_POINT('Ctrl Pts',(6.15035237258757,15.0093000251233,21.6421717906332));
#1527=CARTESIAN_POINT('Ctrl Pts',(16.2137615089746,15.0093000251233,27.4522837644916));
#1528=CARTESIAN_POINT('Ctrl Pts',(26.2771706453616,15.0093000251233,21.6421717906333));
#1529=CARTESIAN_POINT('Ctrl Pts',(6.98336783907073,11.935803076199,20.1993466791937));
#1530=CARTESIAN_POINT('Ctrl Pts',(16.2137615089746,11.935803076199,25.5285169492389));
#1531=CARTESIAN_POINT('Ctrl Pts',(25.4441551788784,11.935803076199,20.1993466791937));
#1532=CARTESIAN_POINT('Ctrl Pts',(7.95739542248993,9.77769939779491,18.5122814167381));
#1533=CARTESIAN_POINT('Ctrl Pts',(16.2137615089746,9.77769939779491,23.2790965992981));
#1534=CARTESIAN_POINT('Ctrl Pts',(24.4701275954592,9.77769939779491,18.5122814167381));
#1535=CARTESIAN_POINT('Ctrl Pts',(9.05906658105591,8.41889783207182,16.6041309968686));
#1536=CARTESIAN_POINT('Ctrl Pts',(16.2137615089746,8.41889783207182,20.7348960394721));
#1537=CARTESIAN_POINT('Ctrl Pts',(23.3684564368932,8.41889783207182,16.6041309968686));
#1538=CARTESIAN_POINT('Ctrl Pts',(10.27736738888,7.7323440534,14.4939720988151));
#1539=CARTESIAN_POINT('Ctrl Pts',(16.2137615089746,7.7323440534,17.9213508420674));
#1540=CARTESIAN_POINT('Ctrl Pts',(22.1501556290691,7.7323440534,14.4939720988151));
#1541=CARTESIAN_POINT('Ctrl Pts',(11.6040594896716,7.61835824327519,12.1960739742437));
#1542=CARTESIAN_POINT('Ctrl Pts',(16.2137615089746,7.61835824327519,14.8574866759722));
#1543=CARTESIAN_POINT('Ctrl Pts',(20.8234635282775,7.61835824327519,12.1960739742437));
#1544=CARTESIAN_POINT('Ctrl Pts',(13.0335930984212,8.01680575462909,9.72004913276204));
#1545=CARTESIAN_POINT('Ctrl Pts',(16.2137615089746,8.01680575462909,11.5561202206633));
#1546=CARTESIAN_POINT('Ctrl Pts',(19.3939299195279,8.01680575462909,9.72004913276204));
#1547=CARTESIAN_POINT('Ctrl Pts',(14.2567865800785,8.71849943779314,7.60141587504461));
#1548=CARTESIAN_POINT('Ctrl Pts',(16.2137615089746,8.71849943779314,8.7312758770401));
#1549=CARTESIAN_POINT('Ctrl Pts',(18.1707364378706,8.71849943779314,7.60141587504461));
#1550=CARTESIAN_POINT('Ctrl Pts',(15.2182004789034,9.45416705093757,5.93619815517703));
#1551=CARTESIAN_POINT('Ctrl Pts',(16.2137615089746,9.45416705093757,6.51098558388333));
#1552=CARTESIAN_POINT('Ctrl Pts',(17.2093225390457,9.45416705093757,5.93619815517703));
#1553=CARTESIAN_POINT('Ctrl Pts',(15.8786557122017,10.0374162020079,4.79225613497955));
#1554=CARTESIAN_POINT('Ctrl Pts',(16.2137615089746,10.0374162020079,4.98572955695335));
#1555=CARTESIAN_POINT('Ctrl Pts',(16.5488673057474,10.0374162020079,4.79225613497955));
#1556=CARTESIAN_POINT('Ctrl Pts',(16.2137615089746,10.3522429143042,4.21183586905814));
#1557=CARTESIAN_POINT('Ctrl Pts',(16.2137615089746,10.3522429143042,4.21183586905814));
#1558=CARTESIAN_POINT('Ctrl Pts',(16.2137615089746,10.3522429143042,4.21183586905814));
#1559=CARTESIAN_POINT('',(21.7568658432508,8.28888924304033,16.5117390335499));
#1560=CARTESIAN_POINT('Ctrl Pts',(21.7568658432508,8.28888924304034,16.5117390335499));
#1561=CARTESIAN_POINT('Ctrl Pts',(19.9505973407454,8.11166115903763,16.7581847731412));
#1562=CARTESIAN_POINT('Ctrl Pts',(18.1077315589008,8.02585501359812,16.7896043614208));
#1563=CARTESIAN_POINT('Ctrl Pts',(14.1143314551215,7.93140523949746,16.3732661714357));
#1564=CARTESIAN_POINT('Ctrl Pts',(11.9864794014564,7.93607044407956,15.8389639008375));
#1565=CARTESIAN_POINT('Ctrl Pts',(9.97539533186029,8.00237780856476,15.0170030440393));
#1566=CARTESIAN_POINT('',(21.7568658432516,71.2075066548758,16.5117390335438));
#1567=CARTESIAN_POINT('Ctrl Pts',(21.7568658432508,71.2075066548758,16.5117390335379));
#1568=CARTESIAN_POINT('Ctrl Pts',(21.7568658432508,70.9025387888737,16.902458626855));
#1569=CARTESIAN_POINT('Ctrl Pts',(21.7568658432508,70.5738542552002,17.2772451842067));
#1570=CARTESIAN_POINT('Ctrl Pts',(21.7568658432508,68.6951615432872,19.2056351444572));
#1571=CARTESIAN_POINT('Ctrl Pts',(21.7568658432508,66.4805579128075,20.7824433803798));
#1572=CARTESIAN_POINT('Ctrl Pts',(21.7568658432508,59.0336668547011,23.9777394836771));
#1573=CARTESIAN_POINT('Ctrl Pts',(21.7568658432507,54.271086910276,25.0755687423393));
#1574=CARTESIAN_POINT('Ctrl Pts',(21.7568658432507,42.6827991520631,26.8229190741341));
#1575=CARTESIAN_POINT('Ctrl Pts',(21.756865843082,34.8427765770697,27.0064948024728));
#1576=CARTESIAN_POINT('Ctrl Pts',(21.756865843082,23.9133114388898,25.9731075991748));
#1577=CARTESIAN_POINT('Ctrl Pts',(21.7568658432508,18.1690782457301,25.0884995448845));
#1578=CARTESIAN_POINT('Ctrl Pts',(21.7568658432508,12.2084247717085,21.9246044619734));
#1579=CARTESIAN_POINT('Ctrl Pts',(21.7568658432507,10.9525412611327,20.8896327992823));
#1580=CARTESIAN_POINT('Ctrl Pts',(21.7568658432507,9.35204627224293,18.9359178005267));
#1581=CARTESIAN_POINT('Ctrl Pts',(21.7568658432508,8.82805812191442,18.0148983644805));
#1582=CARTESIAN_POINT('Ctrl Pts',(21.7568658432508,8.39499755418465,16.8375928367418));
#1583=CARTESIAN_POINT('Ctrl Pts',(21.7568658432508,8.33992016724949,16.6751651901223));
#1584=CARTESIAN_POINT('Ctrl Pts',(21.7568658432508,8.28888924304033,16.5117390335499));
#1585=CARTESIAN_POINT('Ctrl Pts',(9.9753953318603,71.9891188490388,15.0170030440393));
#1586=CARTESIAN_POINT('Ctrl Pts',(11.9599407416546,72.1887070125653,15.8281171441659));
#1587=CARTESIAN_POINT('Ctrl Pts',(14.0736136063945,72.208967894647,16.362567259867));
#1588=CARTESIAN_POINT('Ctrl Pts',(18.0792456188889,71.9205411091894,16.7920985483836));
#1589=CARTESIAN_POINT('Ctrl Pts',(19.9484780156405,71.6510323983928,16.7584739320576));
#1590=CARTESIAN_POINT('Ctrl Pts',(21.7568658432501,71.2075066548666,16.51173903355));
#1591=CARTESIAN_POINT('Origin',(21.7568658432508,40.8187254260773,15.6892837592722));
#1592=CARTESIAN_POINT('',(21.7568658432508,8.00237780856476,16.5117390335499));
#1593=CARTESIAN_POINT('',(21.7568658432507,0.,16.5117390335499));
#1594=CARTESIAN_POINT('',(21.7568658432507,71.9891188490388,16.5117390335499));
#1595=CARTESIAN_POINT('Ctrl Pts',(21.7568658432507,71.9891188490388,16.5117390335499));
#1596=CARTESIAN_POINT('Ctrl Pts',(21.7568658432507,71.6507494463223,17.0030942566057));
#1597=CARTESIAN_POINT('Ctrl Pts',(21.7568658432508,70.8505904358134,18.0238328713367));
#1598=CARTESIAN_POINT('Ctrl Pts',(21.7568658432508,69.3245312909646,19.5397614585757));
#1599=CARTESIAN_POINT('Ctrl Pts',(21.7568658432508,66.5976980538085,21.4415829171789));
#1600=CARTESIAN_POINT('Ctrl Pts',(21.7568658432508,62.0563676514359,23.4954077332928));
#1601=CARTESIAN_POINT('Ctrl Pts',(21.7568658432508,56.4393572943127,25.1631309599002));
#1602=CARTESIAN_POINT('Ctrl Pts',(21.7568658432508,50.0874974462188,26.3671162923052));
#1603=CARTESIAN_POINT('Ctrl Pts',(21.7568658432508,43.3280352070651,27.0920681326005));
#1604=CARTESIAN_POINT('Ctrl Pts',(21.7568658432507,36.5173290446685,27.3435608392231));
#1605=CARTESIAN_POINT('Ctrl Pts',(21.7568658432508,30.0076154242046,27.1427168678453));
#1606=CARTESIAN_POINT('Ctrl Pts',(21.7568658432508,24.1112920043273,26.5208961695628));
#1607=CARTESIAN_POINT('Ctrl Pts',(21.7568658432508,19.069586298028,25.514910418772));
#1608=CARTESIAN_POINT('Ctrl Pts',(21.7568658432508,15.0093000251233,24.1618249520953));
#1609=CARTESIAN_POINT('Ctrl Pts',(21.7568658432508,11.935803076199,22.495794019129));
#1610=CARTESIAN_POINT('Ctrl Pts',(21.7568658432508,9.89064706829119,20.6496933113347));
#1611=CARTESIAN_POINT('Ctrl Pts',(21.7568658432508,8.83562480237818,19.0148215314166));
#1612=CARTESIAN_POINT('Ctrl Pts',(21.7568658432508,8.31901464522342,17.7291042573664));
#1613=CARTESIAN_POINT('Ctrl Pts',(21.7568658432508,8.0852666606057,16.8788884294194));
#1614=CARTESIAN_POINT('Ctrl Pts',(21.7568658432508,8.00237780856476,16.5117390335499));
#1615=CARTESIAN_POINT('',(21.7568658432507,0.,16.5117390335499));
#1616=CARTESIAN_POINT('Ctrl Pts',(21.7568658432508,71.5322438259573,4.03500667932135));
#1617=CARTESIAN_POINT('Ctrl Pts',(21.7568658432508,71.5322438259573,4.03500667932135));
#1618=CARTESIAN_POINT('Ctrl Pts',(21.7568658432508,71.5322438259573,4.03500667932135));
#1619=CARTESIAN_POINT('Ctrl Pts',(21.7568658432508,71.7456878856581,4.20406010921227));
#1620=CARTESIAN_POINT('Ctrl Pts',(21.8544688865057,71.7456878856581,4.20406010921227));
#1621=CARTESIAN_POINT('Ctrl Pts',(21.9032704081332,71.7456878856581,4.11953339426681));
#1622=CARTESIAN_POINT('Ctrl Pts',(21.7568658432508,72.1525607916279,4.58876107740593));
#1623=CARTESIAN_POINT('Ctrl Pts',(22.0765760940498,72.1525607916279,4.58876107740593));
#1624=CARTESIAN_POINT('Ctrl Pts',(22.2364312194494,72.1525607916279,4.31188387836364));
#1625=CARTESIAN_POINT('Ctrl Pts',(21.7568658432508,72.7028451951348,5.30560496533686));
#1626=CARTESIAN_POINT('Ctrl Pts',(22.4904461057137,72.7028451951348,5.30560496533686));
#1627=CARTESIAN_POINT('Ctrl Pts',(22.8572362369452,72.7028451951348,4.6703058223291));
#1628=CARTESIAN_POINT('Ctrl Pts',(21.7568658432508,73.3160159350019,6.5416238053071));
#1629=CARTESIAN_POINT('Ctrl Pts',(23.204061915694,73.3160159350019,6.5416238053071));
#1630=CARTESIAN_POINT('Ctrl Pts',(23.9276599519156,73.3160159350019,5.28831524231422));
#1631=CARTESIAN_POINT('Ctrl Pts',(21.7568658432508,73.8438051646705,8.53610255919331));
#1632=CARTESIAN_POINT('Ctrl Pts',(24.3555747611431,73.8438051646705,8.53610255919331));
#1633=CARTESIAN_POINT('Ctrl Pts',(25.6549292200893,73.8438051646705,6.28555461925733));
#1634=CARTESIAN_POINT('Ctrl Pts',(21.7568658432508,74.0190926088793,10.9179690835563));
#1635=CARTESIAN_POINT('Ctrl Pts',(25.7307460401579,74.0190926088793,10.9179690835563));
#1636=CARTESIAN_POINT('Ctrl Pts',(27.7176861386114,74.0190926088793,7.47648788143881));
#1637=CARTESIAN_POINT('Ctrl Pts',(21.7568658432508,73.6236477041729,13.560705969277));
#1638=CARTESIAN_POINT('Ctrl Pts',(27.2565308925261,73.6236477041729,13.560705969277));
#1639=CARTESIAN_POINT('Ctrl Pts',(30.0063634171638,73.6236477041729,8.7978563242992));
#1640=CARTESIAN_POINT('Ctrl Pts',(21.7568658432508,72.4039001300931,16.3022567430983));
#1641=CARTESIAN_POINT('Ctrl Pts',(28.8393659697888,72.4039001300931,16.3022567430983));
#1642=CARTESIAN_POINT('Ctrl Pts',(32.3806160330578,72.4039001300931,10.1686317112098));
#1643=CARTESIAN_POINT('Ctrl Pts',(21.7568658432508,70.1337117618453,18.9700813937749));
#1644=CARTESIAN_POINT('Ctrl Pts',(30.3796352500077,70.1337117618453,18.9700813937749));
#1645=CARTESIAN_POINT('Ctrl Pts',(34.6910199533862,70.1337117618453,11.5025440365481));
#1646=CARTESIAN_POINT('Ctrl Pts',(21.7568658432508,66.6760045247325,21.4061686753166));
#1647=CARTESIAN_POINT('Ctrl Pts',(31.7861108977752,66.6760045247325,21.4061686753166));
#1648=CARTESIAN_POINT('Ctrl Pts',(36.8007334250374,66.6760045247325,12.720587677319));
#1649=CARTESIAN_POINT('Ctrl Pts',(21.7568658432508,62.0563676514359,23.4954077332928));
#1650=CARTESIAN_POINT('Ctrl Pts',(32.9923336302992,62.0563676514359,23.4954077332928));
#1651=CARTESIAN_POINT('Ctrl Pts',(38.6100675238235,62.0563676514359,13.7652072063071));
#1652=CARTESIAN_POINT('Ctrl Pts',(21.7568658432508,56.4393572943127,25.1631309599002));
#1653=CARTESIAN_POINT('Ctrl Pts',(33.9551940841148,56.4393572943127,25.1631309599002));
#1654=CARTESIAN_POINT('Ctrl Pts',(40.0543582045469,56.4393572943127,14.5990688196108));
#1655=CARTESIAN_POINT('Ctrl Pts',(21.7568658432508,50.0874974462188,26.3671162923052));
#1656=CARTESIAN_POINT('Ctrl Pts',(34.6503153398792,50.0874974462188,26.3671162923052));
#1657=CARTESIAN_POINT('Ctrl Pts',(41.0970400881935,50.0874974462188,15.2010614858133));
#1658=CARTESIAN_POINT('Ctrl Pts',(21.7568658432508,43.3280352070651,27.0920681326005));
#1659=CARTESIAN_POINT('Ctrl Pts',(35.0688664800232,43.3280352070651,27.0920681326005));
#1660=CARTESIAN_POINT('Ctrl Pts',(41.7248667984094,43.3280352070651,15.5635374059609));
#1661=CARTESIAN_POINT('Ctrl Pts',(21.7568658432507,36.5173290446685,27.3435608392231));
#1662=CARTESIAN_POINT('Ctrl Pts',(35.214065861891,36.5173290446685,27.3435608392231));
#1663=CARTESIAN_POINT('Ctrl Pts',(41.9426658712112,36.5173290446685,15.6892837592723));
#1664=CARTESIAN_POINT('Ctrl Pts',(21.7568658432508,30.0076154242046,27.1427168678453));
#1665=CARTESIAN_POINT('Ctrl Pts',(35.0981085409509,30.0076154242046,27.1427168678453));
#1666=CARTESIAN_POINT('Ctrl Pts',(41.768729889801,30.0076154242046,15.5888617735833));
#1667=CARTESIAN_POINT('Ctrl Pts',(21.7568658432508,24.1112920043273,26.5208961695628));
#1668=CARTESIAN_POINT('Ctrl Pts',(34.7391001934098,24.1112920043273,26.5208961695628));
#1669=CARTESIAN_POINT('Ctrl Pts',(41.2302173684893,24.1112920043273,15.2779514244421));
#1670=CARTESIAN_POINT('Ctrl Pts',(21.7568658432508,19.069586298028,25.514910418772));
#1671=CARTESIAN_POINT('Ctrl Pts',(34.1582940493899,19.069586298028,25.514910418772));
#1672=CARTESIAN_POINT('Ctrl Pts',(40.3590081524594,19.069586298028,14.7749585490467));
#1673=CARTESIAN_POINT('Ctrl Pts',(21.7568658432508,15.0093000251233,24.1618249520953));
#1674=CARTESIAN_POINT('Ctrl Pts',(33.3770897909675,15.0093000251233,24.1618249520953));
#1675=CARTESIAN_POINT('Ctrl Pts',(39.1872017648259,15.0093000251233,14.0984158157083));
#1676=CARTESIAN_POINT('Ctrl Pts',(21.7568658432508,11.935803076199,22.495794019129));
#1677=CARTESIAN_POINT('Ctrl Pts',(32.4152063833411,11.935803076199,22.495794019129));
#1678=CARTESIAN_POINT('Ctrl Pts',(37.7443766533863,11.935803076199,13.2654003492252));
#1679=CARTESIAN_POINT('Ctrl Pts',(21.7568658432508,9.77769939779491,20.5477388522906));
#1680=CARTESIAN_POINT('Ctrl Pts',(31.2904962083707,9.77769939779491,20.5477388522906));
#1681=CARTESIAN_POINT('Ctrl Pts',(36.0573113909307,9.77769939779491,12.291372765806));
#1682=CARTESIAN_POINT('Ctrl Pts',(21.7568658432508,8.41889783207182,18.3443965351587));
#1683=CARTESIAN_POINT('Ctrl Pts',(30.0183959284577,8.41889783207182,18.3443965351587));
#1684=CARTESIAN_POINT('Ctrl Pts',(34.1491609710612,8.41889783207182,11.18970160724));
#1685=CARTESIAN_POINT('Ctrl Pts',(21.7568658432508,7.7323440534,15.9077949195105));
#1686=CARTESIAN_POINT('Ctrl Pts',(28.6116233297554,7.7323440534,15.9077949195105));
#1687=CARTESIAN_POINT('Ctrl Pts',(32.0390020730077,7.7323440534,9.97140079941593));
#1688=CARTESIAN_POINT('Ctrl Pts',(21.7568658432508,7.61835824327519,13.2544107179273));
#1689=CARTESIAN_POINT('Ctrl Pts',(27.0796912467078,7.61835824327519,13.2544107179273));
#1690=CARTESIAN_POINT('Ctrl Pts',(29.7411039484363,7.61835824327519,8.64470869862431));
#1691=CARTESIAN_POINT('Ctrl Pts',(21.7568658432508,8.01680575462909,10.395343500428));
#1692=CARTESIAN_POINT('Ctrl Pts',(25.4290080190533,8.01680575462909,10.395343500428));
#1693=CARTESIAN_POINT('Ctrl Pts',(27.2650791069546,8.01680575462909,7.21517508987466));
#1694=CARTESIAN_POINT('Ctrl Pts',(21.7568658432508,8.71849943779314,7.94895653711346));
#1695=CARTESIAN_POINT('Ctrl Pts',(24.0165858472417,8.71849943779314,7.94895653711346));
#1696=CARTESIAN_POINT('Ctrl Pts',(25.1464458492372,8.71849943779314,5.99198160821741));
#1697=CARTESIAN_POINT('Ctrl Pts',(21.7568658432508,9.45416705093757,6.0261287394637));
#1698=CARTESIAN_POINT('Ctrl Pts',(22.9064407006633,9.45416705093757,6.0261287394637));
#1699=CARTESIAN_POINT('Ctrl Pts',(23.4812281293696,9.45416705093757,5.03056770939252));
#1700=CARTESIAN_POINT('Ctrl Pts',(21.7568658432508,10.0374162020079,4.70521827286702));
#1701=CARTESIAN_POINT('Ctrl Pts',(22.1438126871984,10.0374162020079,4.70521827286702));
#1702=CARTESIAN_POINT('Ctrl Pts',(22.3372861091722,10.0374162020079,4.37011247609418));
#1703=CARTESIAN_POINT('Ctrl Pts',(21.7568658432508,10.3522429143042,4.03500667932135));
#1704=CARTESIAN_POINT('Ctrl Pts',(21.7568658432508,10.3522429143042,4.03500667932135));
#1705=CARTESIAN_POINT('Ctrl Pts',(21.7568658432508,10.3522429143042,4.03500667932135));
#1706=CARTESIAN_POINT('',(32.7072865948074,8.28888924304033,11.9154831167217));
#1707=CARTESIAN_POINT('Ctrl Pts',(32.7072865948074,8.28888924304033,11.9154831167217));
#1708=CARTESIAN_POINT('Ctrl Pts',(31.2662350553778,8.11166115903763,13.0320456391149));
#1709=CARTESIAN_POINT('Ctrl Pts',(29.6859762666751,8.02585501359811,13.9806886916638));
#1710=CARTESIAN_POINT('Ctrl Pts',(26.0194212343342,7.93140523949745,15.6168292944607));
#1711=CARTESIAN_POINT('Ctrl Pts',(23.9094961650663,7.93607044407956,16.2180359816555));
#1712=CARTESIAN_POINT('Ctrl Pts',(21.7568658432508,8.00237780856476,16.5117390335499));
#1713=CARTESIAN_POINT('',(32.7072865948051,71.2075066548758,11.915483116716));
#1714=CARTESIAN_POINT('Ctrl Pts',(32.7072865948074,8.28888924304033,11.9154831167217));
#1715=CARTESIAN_POINT('Ctrl Pts',(32.7889996730936,8.33992016724947,12.0570143199562));
#1716=CARTESIAN_POINT('Ctrl Pts',(32.8702134964033,8.39499755418461,12.1976807882056));
#1717=CARTESIAN_POINT('Ctrl Pts',(33.4588662602727,8.82805812191434,13.2172572832431));
#1718=CARTESIAN_POINT('Ctrl Pts',(33.9193759782957,9.35204627224278,14.0148835122383));
#1719=CARTESIAN_POINT('Ctrl Pts',(34.8962334776705,10.9525412611276,15.7068503329102));
#1720=CARTESIAN_POINT('Ctrl Pts',(35.4137193090169,12.2084247716999,16.603162084999));
#1721=CARTESIAN_POINT('Ctrl Pts',(36.9956668504774,18.1690782457397,19.3431756017174));
#1722=CARTESIAN_POINT('Ctrl Pts',(37.4379708774748,23.9133114389151,20.1092686492066));
#1723=CARTESIAN_POINT('Ctrl Pts',(37.9546644791226,34.8427765770607,21.0042082192064));
#1724=CARTESIAN_POINT('Ctrl Pts',(37.8628766151,42.6827991520549,20.8452269748635));
#1725=CARTESIAN_POINT('Ctrl Pts',(36.9892014492027,54.2710869102703,19.3319771982182));
#1726=CARTESIAN_POINT('Ctrl Pts',(36.4402868198718,59.0336668546969,18.3812291711993));
#1727=CARTESIAN_POINT('Ctrl Pts',(34.8426387682256,66.4805579127929,15.6140215731347));
#1728=CARTESIAN_POINT('Ctrl Pts',(34.0542346502659,68.6951615432777,14.2484655839319));
#1729=CARTESIAN_POINT('Ctrl Pts',(33.0900396701359,70.5738542551999,12.5784308899439));
#1730=CARTESIAN_POINT('Ctrl Pts',(32.9026463914601,70.9025387888736,12.2538562102804));
#1731=CARTESIAN_POINT('Ctrl Pts',(32.7072865948014,71.2075066548758,11.9154831167113));
#1732=CARTESIAN_POINT('Ctrl Pts',(21.7568658432508,71.9891188490388,16.5117390335499));
#1733=CARTESIAN_POINT('Ctrl Pts',(23.8810896331598,72.1887070125653,16.2219117447301));
#1734=CARTESIAN_POINT('Ctrl Pts',(25.9788090871649,72.208967894647,15.6279226896129));
#1735=CARTESIAN_POINT('Ctrl Pts',(29.6625538124555,71.9205411091894,13.9970916909413));
#1736=CARTESIAN_POINT('Ctrl Pts',(31.2645442454562,71.6510323983927,13.0333557206347));
#1737=CARTESIAN_POINT('Ctrl Pts',(32.7072865948069,71.2075066548666,11.9154831167221));
#1738=CARTESIAN_POINT('Origin',(32.2960589576686,40.8187254260773,11.2032159557208));
#1739=CARTESIAN_POINT('',(32.7072865948074,8.00237780856476,11.9154831167217));
#1740=CARTESIAN_POINT('',(32.7072865948074,0.,11.9154831167217));
#1741=CARTESIAN_POINT('',(32.7072865948074,71.9891188490388,11.9154831167217));
#1742=CARTESIAN_POINT('Ctrl Pts',(32.7072865948074,71.9891188490388,11.9154831167217));
#1743=CARTESIAN_POINT('Ctrl Pts',(32.9529642063354,71.6507494463223,12.3410092221703));
#1744=CARTESIAN_POINT('Ctrl Pts',(33.4633335137008,70.8505904358134,13.224994793151));
#1745=CARTESIAN_POINT('Ctrl Pts',(34.2212978073204,69.3245312909646,14.5378274600231));
#1746=CARTESIAN_POINT('Ctrl Pts',(35.1722085366219,66.5976980538085,16.1848531566357));
#1747=CARTESIAN_POINT('Ctrl Pts',(36.1991209446789,62.0563676514359,17.9635176223133));
#1748=CARTESIAN_POINT('Ctrl Pts',(37.0329825579826,56.4393572943127,19.4078083030367));
#1749=CARTESIAN_POINT('Ctrl Pts',(37.6349752241851,50.0874974462188,20.4504901866833));
#1750=CARTESIAN_POINT('Ctrl Pts',(37.9974511443327,43.3280352070651,21.0783168968993));
#1751=CARTESIAN_POINT('Ctrl Pts',(38.123197497644,36.5173290446685,21.296115969701));
#1752=CARTESIAN_POINT('Ctrl Pts',(38.0227755119551,30.0076154242046,21.1221799882908));
#1753=CARTESIAN_POINT('Ctrl Pts',(37.7118651628139,24.1112920043273,20.5836674669792));
#1754=CARTESIAN_POINT('Ctrl Pts',(37.2088722874185,19.069586298028,19.7124582509492));
#1755=CARTESIAN_POINT('Ctrl Pts',(36.5323295540801,15.0093000251233,18.5406518633157));
#1756=CARTESIAN_POINT('Ctrl Pts',(35.699314087597,11.935803076199,17.0978267518762));
#1757=CARTESIAN_POINT('Ctrl Pts',(34.7762637336998,9.89064706829119,15.4990566409818));
#1758=CARTESIAN_POINT('Ctrl Pts',(33.9588278437407,8.83562480237818,14.0832161476425));
#1759=CARTESIAN_POINT('Ctrl Pts',(33.3159692067157,8.31901464522342,12.9697523262305));
#1760=CARTESIAN_POINT('Ctrl Pts',(32.8908612927422,8.0852666606057,12.2334438205288));
#1761=CARTESIAN_POINT('Ctrl Pts',(32.7072865948074,8.00237780856476,11.9154831167217));
#1762=CARTESIAN_POINT('',(32.7072865948074,0.,11.9154831167217));
#1763=CARTESIAN_POINT('Origin',(40.5647819046027,40.8187254260773,-9.32167215671482));
#1764=CARTESIAN_POINT('',(41.3872371788803,8.00237780856476,-9.32167215671482));
#1765=CARTESIAN_POINT('',(41.3872371788803,8.28888924304033,-9.32167215671482));
#1766=CARTESIAN_POINT('',(41.3872371788803,0.,-9.32167215671482));
#1767=CARTESIAN_POINT('',(41.3872371788803,71.9891188490388,-9.32167215671482));
#1768=CARTESIAN_POINT('Ctrl Pts',(41.3872371788803,71.9891188490388,-9.32167215671482));
#1769=CARTESIAN_POINT('Ctrl Pts',(41.8785924019362,71.6507494463223,-9.32167215671482));
#1770=CARTESIAN_POINT('Ctrl Pts',(42.8993310166672,70.8505904358134,-9.32167215671482));
#1771=CARTESIAN_POINT('Ctrl Pts',(44.4152596039062,69.3245312909646,-9.32167215671482));
#1772=CARTESIAN_POINT('Ctrl Pts',(46.3170810625093,66.5976980538085,-9.32167215671482));
#1773=CARTESIAN_POINT('Ctrl Pts',(48.3709058786232,62.0563676514359,-9.32167215671482));
#1774=CARTESIAN_POINT('Ctrl Pts',(50.0386291052306,56.4393572943127,-9.32167215671482));
#1775=CARTESIAN_POINT('Ctrl Pts',(51.2426144376356,50.0874974462188,-9.32167215671482));
#1776=CARTESIAN_POINT('Ctrl Pts',(51.9675662779309,43.3280352070651,-9.32167215671482));
#1777=CARTESIAN_POINT('Ctrl Pts',(52.2190589845536,36.5173290446685,-9.32167215671482));
#1778=CARTESIAN_POINT('Ctrl Pts',(52.0182150131757,30.0076154242046,-9.32167215671482));
#1779=CARTESIAN_POINT('Ctrl Pts',(51.3963943148932,24.1112920043273,-9.32167215671482));
#1780=CARTESIAN_POINT('Ctrl Pts',(50.3904085641025,19.069586298028,-9.32167215671482));
#1781=CARTESIAN_POINT('Ctrl Pts',(49.0373230974257,15.0093000251233,-9.32167215671482));
#1782=CARTESIAN_POINT('Ctrl Pts',(47.3712921644594,11.935803076199,-9.32167215671482));
#1783=CARTESIAN_POINT('Ctrl Pts',(45.5251914566651,9.89064706829119,-9.32167215671482));
#1784=CARTESIAN_POINT('Ctrl Pts',(43.890319676747,8.83562480237818,-9.32167215671482));
#1785=CARTESIAN_POINT('Ctrl Pts',(42.6046024026968,8.31901464522342,-9.32167215671482));
#1786=CARTESIAN_POINT('Ctrl Pts',(41.7543865747498,8.0852666606057,-9.32167215671482));
#1787=CARTESIAN_POINT('Ctrl Pts',(41.3872371788803,8.00237780856476,-9.32167215671482));
#1788=CARTESIAN_POINT('',(41.3872371788742,71.2075066548758,-9.32167215671562));
#1789=CARTESIAN_POINT('',(41.3872371788803,0.,-9.32167215671482));
#1790=CARTESIAN_POINT('Ctrl Pts',(41.3872371788803,8.28888924304032,-9.32167215671482));
#1791=CARTESIAN_POINT('Ctrl Pts',(41.5506633354526,8.33992016724945,-9.32167215671482));
#1792=CARTESIAN_POINT('Ctrl Pts',(41.713090982072,8.3949975541846,-9.32167215671482));
#1793=CARTESIAN_POINT('Ctrl Pts',(42.8903965098108,8.82805812191436,-9.32167215671482));
#1794=CARTESIAN_POINT('Ctrl Pts',(43.8114159458568,9.35204627224276,-9.32167215671481));
#1795=CARTESIAN_POINT('Ctrl Pts',(45.765130944634,10.95254126115,-9.32167215671481));
#1796=CARTESIAN_POINT('Ctrl Pts',(46.8001026073195,12.2084247717382,-9.32167215671482));
#1797=CARTESIAN_POINT('Ctrl Pts',(49.9639976901984,18.1690782456984,-9.32167215671482));
#1798=CARTESIAN_POINT('Ctrl Pts',(50.848605744498,23.9133114388131,-9.32167215654602));
#1799=CARTESIAN_POINT('Ctrl Pts',(51.8819929478024,34.8427765770617,-9.32167215654602));
#1800=CARTESIAN_POINT('Ctrl Pts',(51.6984172194657,42.6827991520564,-9.32167215671482));
#1801=CARTESIAN_POINT('Ctrl Pts',(49.9510668876692,54.2710869102785,-9.32167215671482));
#1802=CARTESIAN_POINT('Ctrl Pts',(48.8532376290073,59.0336668547019,-9.32167215671482));
#1803=CARTESIAN_POINT('Ctrl Pts',(45.657941525709,66.4805579128101,-9.32167215671482));
#1804=CARTESIAN_POINT('Ctrl Pts',(44.081133289786,68.695161543289,-9.32167215671483));
#1805=CARTESIAN_POINT('Ctrl Pts',(42.1527433295367,70.5738542552005,-9.32167215671483));
#1806=CARTESIAN_POINT('Ctrl Pts',(41.7779567721853,70.9025387888738,-9.32167215671482));
#1807=CARTESIAN_POINT('Ctrl Pts',(41.3872371788683,71.2075066548758,-9.32167215671482));
#1808=CARTESIAN_POINT('Ctrl Pts',(28.9105048246518,71.5322438259573,-9.32167215671482));
#1809=CARTESIAN_POINT('Ctrl Pts',(28.9105048246518,71.5322438259573,-9.32167215671482));
#1810=CARTESIAN_POINT('Ctrl Pts',(28.9105048246518,71.5322438259573,-9.32167215671482));
#1811=CARTESIAN_POINT('Ctrl Pts',(29.0795582545427,71.7456878856581,-9.32167215671482));
#1812=CARTESIAN_POINT('Ctrl Pts',(29.0795582545427,71.7456878856581,-9.41927519996978));
#1813=CARTESIAN_POINT('Ctrl Pts',(28.9950315395972,71.7456878856581,-9.46807672159726));
#1814=CARTESIAN_POINT('Ctrl Pts',(29.4642592227363,72.1525607916279,-9.32167215671482));
#1815=CARTESIAN_POINT('Ctrl Pts',(29.4642592227363,72.1525607916279,-9.64138240751389));
#1816=CARTESIAN_POINT('Ctrl Pts',(29.1873820236941,72.1525607916279,-9.80123753291343));
#1817=CARTESIAN_POINT('Ctrl Pts',(30.1811031106673,72.7028451951348,-9.32167215671482));
#1818=CARTESIAN_POINT('Ctrl Pts',(30.1811031106673,72.7028451951348,-10.0552524191778));
#1819=CARTESIAN_POINT('Ctrl Pts',(29.5458039676595,72.7028451951348,-10.4220425504092));
#1820=CARTESIAN_POINT('Ctrl Pts',(31.4171219506375,73.3160159350019,-9.32167215671482));
#1821=CARTESIAN_POINT('Ctrl Pts',(31.4171219506375,73.3160159350019,-10.768868229158));
#1822=CARTESIAN_POINT('Ctrl Pts',(30.1638133876446,73.3160159350019,-11.4924662653796));
#1823=CARTESIAN_POINT('Ctrl Pts',(33.4116007045237,73.8438051646705,-9.32167215671482));
#1824=CARTESIAN_POINT('Ctrl Pts',(33.4116007045237,73.8438051646705,-11.9203810746072));
#1825=CARTESIAN_POINT('Ctrl Pts',(31.1610527645877,73.8438051646705,-13.2197355335534));
#1826=CARTESIAN_POINT('Ctrl Pts',(35.7934672288867,74.0190926088793,-9.32167215671482));
#1827=CARTESIAN_POINT('Ctrl Pts',(35.7934672288867,74.0190926088793,-13.2955523536219));
#1828=CARTESIAN_POINT('Ctrl Pts',(32.3519860267692,74.0190926088793,-15.2824924520755));
#1829=CARTESIAN_POINT('Ctrl Pts',(38.4362041146075,73.6236477041729,-9.32167215671482));
#1830=CARTESIAN_POINT('Ctrl Pts',(38.4362041146075,73.6236477041729,-14.8213372059902));
#1831=CARTESIAN_POINT('Ctrl Pts',(33.6733544696296,73.6236477041729,-17.5711697306278));
#1832=CARTESIAN_POINT('Ctrl Pts',(41.1777548884287,72.4039001300931,-9.32167215671482));
#1833=CARTESIAN_POINT('Ctrl Pts',(41.1777548884287,72.4039001300931,-16.4041722832529));
#1834=CARTESIAN_POINT('Ctrl Pts',(35.0441298565402,72.4039001300931,-19.9454223465219));
#1835=CARTESIAN_POINT('Ctrl Pts',(43.8455795391054,70.1337117618453,-9.32167215671482));
#1836=CARTESIAN_POINT('Ctrl Pts',(43.8455795391054,70.1337117618453,-17.9444415634718));
#1837=CARTESIAN_POINT('Ctrl Pts',(36.3780421818786,70.1337117618453,-22.2558262668503));
#1838=CARTESIAN_POINT('Ctrl Pts',(46.281666820647,66.6760045247325,-9.32167215671482));
#1839=CARTESIAN_POINT('Ctrl Pts',(46.281666820647,66.6760045247325,-19.3509172112393));
#1840=CARTESIAN_POINT('Ctrl Pts',(37.5960858226494,66.6760045247325,-24.3655397385015));
#1841=CARTESIAN_POINT('Ctrl Pts',(48.3709058786232,62.0563676514359,-9.32167215671482));
#1842=CARTESIAN_POINT('Ctrl Pts',(48.3709058786232,62.0563676514359,-20.5571399437633));
#1843=CARTESIAN_POINT('Ctrl Pts',(38.6407053516375,62.0563676514359,-26.1748738372876));
#1844=CARTESIAN_POINT('Ctrl Pts',(50.0386291052306,56.4393572943127,-9.32167215671482));
#1845=CARTESIAN_POINT('Ctrl Pts',(50.0386291052306,56.4393572943127,-21.5200003975789));
#1846=CARTESIAN_POINT('Ctrl Pts',(39.4745669649412,56.4393572943127,-27.6191645180109));
#1847=CARTESIAN_POINT('Ctrl Pts',(51.2426144376356,50.0874974462188,-9.32167215671482));
#1848=CARTESIAN_POINT('Ctrl Pts',(51.2426144376357,50.0874974462188,-22.2151216533433));
#1849=CARTESIAN_POINT('Ctrl Pts',(40.0765596311437,50.0874974462188,-28.6618464016575));
#1850=CARTESIAN_POINT('Ctrl Pts',(51.9675662779309,43.3280352070651,-9.32167215671482));
#1851=CARTESIAN_POINT('Ctrl Pts',(51.9675662779309,43.3280352070651,-22.6336727934873));
#1852=CARTESIAN_POINT('Ctrl Pts',(40.4390355512913,43.3280352070651,-29.2896731118735));
#1853=CARTESIAN_POINT('Ctrl Pts',(52.2190589845536,36.5173290446685,-9.32167215671482));
#1854=CARTESIAN_POINT('Ctrl Pts',(52.2190589845536,36.5173290446685,-22.7788721753551));
#1855=CARTESIAN_POINT('Ctrl Pts',(40.5647819046027,36.5173290446685,-29.5074721846752));
#1856=CARTESIAN_POINT('Ctrl Pts',(52.0182150131757,30.0076154242046,-9.32167215671482));
#1857=CARTESIAN_POINT('Ctrl Pts',(52.0182150131757,30.0076154242046,-22.662914854415));
#1858=CARTESIAN_POINT('Ctrl Pts',(40.4643599189138,30.0076154242046,-29.3335362032651));
#1859=CARTESIAN_POINT('Ctrl Pts',(51.3963943148932,24.1112920043273,-9.32167215671482));
#1860=CARTESIAN_POINT('Ctrl Pts',(51.3963943148932,24.1112920043273,-22.3039065068739));
#1861=CARTESIAN_POINT('Ctrl Pts',(40.1534495697725,24.1112920043273,-28.7950236819534));
#1862=CARTESIAN_POINT('Ctrl Pts',(50.3904085641025,19.069586298028,-9.32167215671482));
#1863=CARTESIAN_POINT('Ctrl Pts',(50.3904085641025,19.069586298028,-21.7231003628539));
#1864=CARTESIAN_POINT('Ctrl Pts',(39.6504566943771,19.069586298028,-27.9238144659235));
#1865=CARTESIAN_POINT('Ctrl Pts',(49.0373230974257,15.0093000251233,-9.32167215671482));
#1866=CARTESIAN_POINT('Ctrl Pts',(49.0373230974258,15.0093000251233,-20.9418961044316));
#1867=CARTESIAN_POINT('Ctrl Pts',(38.9739139610388,15.0093000251233,-26.7520080782899));
#1868=CARTESIAN_POINT('Ctrl Pts',(47.3712921644594,11.935803076199,-9.32167215671482));
#1869=CARTESIAN_POINT('Ctrl Pts',(47.3712921644594,11.935803076199,-19.9800126968052));
#1870=CARTESIAN_POINT('Ctrl Pts',(38.1408984945556,11.935803076199,-25.3091829668504));
#1871=CARTESIAN_POINT('Ctrl Pts',(45.423236997621,9.77769939779491,-9.32167215671482));
#1872=CARTESIAN_POINT('Ctrl Pts',(45.423236997621,9.77769939779491,-18.8553025218348));
#1873=CARTESIAN_POINT('Ctrl Pts',(37.1668709111364,9.77769939779491,-23.6221177043948));
#1874=CARTESIAN_POINT('Ctrl Pts',(43.2198946804891,8.41889783207182,-9.32167215671482));
#1875=CARTESIAN_POINT('Ctrl Pts',(43.2198946804891,8.41889783207182,-17.5832022419218));
#1876=CARTESIAN_POINT('Ctrl Pts',(36.0651997525704,8.41889783207182,-21.7139672845253));
#1877=CARTESIAN_POINT('Ctrl Pts',(40.7832930648409,7.7323440534,-9.32167215671482));
#1878=CARTESIAN_POINT('Ctrl Pts',(40.7832930648409,7.7323440534,-16.1764296432195));
#1879=CARTESIAN_POINT('Ctrl Pts',(34.8468989447463,7.7323440534,-19.6038083864718));
#1880=CARTESIAN_POINT('Ctrl Pts',(38.1299088632577,7.61835824327519,-9.32167215671482));
#1881=CARTESIAN_POINT('Ctrl Pts',(38.1299088632577,7.61835824327519,-14.6444975601719));
#1882=CARTESIAN_POINT('Ctrl Pts',(33.5202068439547,7.61835824327519,-17.3059102619004));
#1883=CARTESIAN_POINT('Ctrl Pts',(35.2708416457584,8.01680575462909,-9.32167215671482));
#1884=CARTESIAN_POINT('Ctrl Pts',(35.2708416457584,8.01680575462909,-12.9938143325174));
#1885=CARTESIAN_POINT('Ctrl Pts',(32.0906732352051,8.01680575462909,-14.8298854204187));
#1886=CARTESIAN_POINT('Ctrl Pts',(32.8244546824439,8.71849943779314,-9.32167215671482));
#1887=CARTESIAN_POINT('Ctrl Pts',(32.8244546824439,8.71849943779314,-11.5813921607058));
#1888=CARTESIAN_POINT('Ctrl Pts',(30.8674797535478,8.71849943779314,-12.7112521627013));
#1889=CARTESIAN_POINT('Ctrl Pts',(30.9016268847941,9.45416705093757,-9.32167215671482));
#1890=CARTESIAN_POINT('Ctrl Pts',(30.9016268847941,9.45416705093757,-10.4712470141274));
#1891=CARTESIAN_POINT('Ctrl Pts',(29.9060658547229,9.45416705093757,-11.0460344428337));
#1892=CARTESIAN_POINT('Ctrl Pts',(29.5807164181974,10.0374162020079,-9.32167215671482));
#1893=CARTESIAN_POINT('Ctrl Pts',(29.5807164181974,10.0374162020079,-9.70861900066242));
#1894=CARTESIAN_POINT('Ctrl Pts',(29.2456106214246,10.0374162020079,-9.90209242263622));
#1895=CARTESIAN_POINT('Ctrl Pts',(28.9105048246518,10.3522429143042,-9.32167215671482));
#1896=CARTESIAN_POINT('Ctrl Pts',(28.9105048246518,10.3522429143042,-9.32167215671482));
#1897=CARTESIAN_POINT('Ctrl Pts',(28.9105048246518,10.3522429143042,-9.32167215671482));
#1898=CARTESIAN_POINT('',(36.7909812620521,8.28888924304033,-20.2720929082715));
#1899=CARTESIAN_POINT('Ctrl Pts',(36.7909812620521,8.28888924304033,-20.2720929082715));
#1900=CARTESIAN_POINT('Ctrl Pts',(37.9075437844453,8.11166115903763,-18.8310413688419));
#1901=CARTESIAN_POINT('Ctrl Pts',(38.8561868369942,8.02585501359812,-17.2507825801392));
#1902=CARTESIAN_POINT('Ctrl Pts',(40.4923274397911,7.93140523949746,-13.5842275477983));
#1903=CARTESIAN_POINT('Ctrl Pts',(41.0935341269859,7.93607044407956,-11.4743024785304));
#1904=CARTESIAN_POINT('Ctrl Pts',(41.3872371788803,8.00237780856476,-9.32167215671482));
#1905=CARTESIAN_POINT('',(36.7909812620464,71.2075066548758,-20.2720929082691));
#1906=CARTESIAN_POINT('Ctrl Pts',(36.7909812620417,71.2075066548758,-20.2720929082655));
#1907=CARTESIAN_POINT('Ctrl Pts',(37.1293543556107,70.9025387888737,-20.467452704924));
#1908=CARTESIAN_POINT('Ctrl Pts',(37.4539290352741,70.5738542552002,-20.6548459835998));
#1909=CARTESIAN_POINT('Ctrl Pts',(39.1239637292761,68.6951615432623,-21.6190409637379));
#1910=CARTESIAN_POINT('Ctrl Pts',(40.4895197184733,66.4805579127691,-22.4074450816945));
#1911=CARTESIAN_POINT('Ctrl Pts',(43.2567273165272,59.0336668547056,-24.0050931333344));
#1912=CARTESIAN_POINT('Ctrl Pts',(44.2074753435464,54.2710869102825,-24.5540077626655));
#1913=CARTESIAN_POINT('Ctrl Pts',(45.7207251201915,42.6827991520799,-25.4276829285627));
#1914=CARTESIAN_POINT('Ctrl Pts',(45.8797063645379,34.8427765770881,-25.5194707925873));
#1915=CARTESIAN_POINT('Ctrl Pts',(44.9847667945378,23.913311438916,-25.0027771909393));
#1916=CARTESIAN_POINT('Ctrl Pts',(44.2186737470482,18.1690782457421,-24.5604731639417));
#1917=CARTESIAN_POINT('Ctrl Pts',(41.4786602303386,12.2084247717193,-22.9785256224862));
#1918=CARTESIAN_POINT('Ctrl Pts',(40.5823484782527,10.9525412611393,-22.4610397911416));
#1919=CARTESIAN_POINT('Ctrl Pts',(38.8903816575699,9.35204627224373,-21.4841822917605));
#1920=CARTESIAN_POINT('Ctrl Pts',(38.0927554285748,8.8280581219151,-21.0236725737375));
#1921=CARTESIAN_POINT('Ctrl Pts',(37.0731789335369,8.39499755418497,-20.4350198098679));
#1922=CARTESIAN_POINT('Ctrl Pts',(36.9325124652871,8.33992016724964,-20.3538059865579));
#1923=CARTESIAN_POINT('Ctrl Pts',(36.7909812620521,8.28888924304033,-20.2720929082715));
#1924=CARTESIAN_POINT('Ctrl Pts',(41.3872371788803,71.9891188490388,-9.32167215671482));
#1925=CARTESIAN_POINT('Ctrl Pts',(41.0974098900606,72.1887070125653,-11.4458959466238));
#1926=CARTESIAN_POINT('Ctrl Pts',(40.5034208349433,72.208967894647,-13.543615400629));
#1927=CARTESIAN_POINT('Ctrl Pts',(38.8725898362717,71.9205411091894,-17.2273601259196));
#1928=CARTESIAN_POINT('Ctrl Pts',(37.9088538659651,71.6510323983927,-18.8293505589203));
#1929=CARTESIAN_POINT('Ctrl Pts',(36.7909812620525,71.2075066548666,-20.272092908271));
#1930=CARTESIAN_POINT('Origin',(5.01463287419775,40.8187254260773,-23.6435204145153));
#1931=CARTESIAN_POINT('',(4.60340523705894,8.28888924304033,-24.3557875755162));
#1932=CARTESIAN_POINT('',(4.60340523705894,0.,-24.3557875755162));
#1933=CARTESIAN_POINT('',(4.60340523706129,71.2075066548758,-24.3557875755105));
#1934=CARTESIAN_POINT('',(4.60340523705894,0.,-24.3557875755162));
#1935=CARTESIAN_POINT('Ctrl Pts',(4.60340523705893,8.28888924304033,-24.3557875755162));
#1936=CARTESIAN_POINT('Ctrl Pts',(4.5216921587726,8.33992016724955,-24.497318778751));
#1937=CARTESIAN_POINT('Ctrl Pts',(4.44047833546276,8.39499755418479,-24.6379852470005));
#1938=CARTESIAN_POINT('Ctrl Pts',(3.85182557159321,8.8280581219148,-25.6575617420384));
#1939=CARTESIAN_POINT('Ctrl Pts',(3.39131585357021,9.35204627224335,-26.4551879710335));
#1940=CARTESIAN_POINT('Ctrl Pts',(2.41445835420109,10.9525412611191,-28.1471547916955));
#1941=CARTESIAN_POINT('Ctrl Pts',(1.8969725228533,12.2084247716851,-29.0434665437869));
#1942=CARTESIAN_POINT('Ctrl Pts',(0.315024981383661,18.1690782457607,-31.783480060521));
#1943=CARTESIAN_POINT('Ctrl Pts',(-0.127279045611058,23.9133114389648,-32.5495731080058));
#1944=CARTESIAN_POINT('Ctrl Pts',(-0.643972647256387,34.8427765770756,-33.4445126780012));
#1945=CARTESIAN_POINT('Ctrl Pts',(-0.552184783233041,42.6827991520679,-33.285531433657));
#1946=CARTESIAN_POINT('Ctrl Pts',(0.321490382664691,54.2710869102802,-31.7722816570109));
#1947=CARTESIAN_POINT('Ctrl Pts',(0.870405011995738,59.0336668547039,-30.8215336299917));
#1948=CARTESIAN_POINT('Ctrl Pts',(2.4680530636386,66.4805579127817,-28.0543260319329));
#1949=CARTESIAN_POINT('Ctrl Pts',(3.2564571815967,68.6951615432705,-26.6887700427329));
#1950=CARTESIAN_POINT('Ctrl Pts',(4.2206521617306,70.5738542552002,-25.0187353487381));
#1951=CARTESIAN_POINT('Ctrl Pts',(4.40804544040638,70.9025387888737,-24.6941606690748));
#1952=CARTESIAN_POINT('Ctrl Pts',(4.60340523706492,71.2075066548758,-24.3557875755058));
#1953=CARTESIAN_POINT('Origin',(15.5538259886156,40.8187254260773,-28.1295882180667));
#1954=CARTESIAN_POINT('',(15.5538259886156,8.00237780856476,-28.9520434923444));
#1955=CARTESIAN_POINT('',(15.5538259886156,8.28888924304032,-28.9520434923443));
#1956=CARTESIAN_POINT('',(15.5538259886156,0.,-28.9520434923444));
#1957=CARTESIAN_POINT('',(15.5538259886156,71.9891188490388,-28.9520434923444));
#1958=CARTESIAN_POINT('Ctrl Pts',(15.5538259886156,71.9891188490388,-28.9520434923444));
#1959=CARTESIAN_POINT('Ctrl Pts',(15.5538259886156,71.6507494463223,-29.4433987154002));
#1960=CARTESIAN_POINT('Ctrl Pts',(15.5538259886156,70.8505904358134,-30.4641373301312));
#1961=CARTESIAN_POINT('Ctrl Pts',(15.5538259886156,69.3245312909646,-31.9800659173702));
#1962=CARTESIAN_POINT('Ctrl Pts',(15.5538259886156,66.5976980538085,-33.8818873759733));
#1963=CARTESIAN_POINT('Ctrl Pts',(15.5538259886156,62.0563676514359,-35.9357121920873));
#1964=CARTESIAN_POINT('Ctrl Pts',(15.5538259886156,56.4393572943127,-37.6034354186947));
#1965=CARTESIAN_POINT('Ctrl Pts',(15.5538259886156,50.0874974462188,-38.8074207510997));
#1966=CARTESIAN_POINT('Ctrl Pts',(15.5538259886156,43.3280352070651,-39.532372591395));
#1967=CARTESIAN_POINT('Ctrl Pts',(15.5538259886156,36.5173290446685,-39.7838652980176));
#1968=CARTESIAN_POINT('Ctrl Pts',(15.5538259886156,30.0076154242046,-39.5830213266398));
#1969=CARTESIAN_POINT('Ctrl Pts',(15.5538259886156,24.1112920043273,-38.9612006283573));
#1970=CARTESIAN_POINT('Ctrl Pts',(15.5538259886156,19.069586298028,-37.9552148775665));
#1971=CARTESIAN_POINT('Ctrl Pts',(15.5538259886156,15.0093000251233,-36.6021294108898));
#1972=CARTESIAN_POINT('Ctrl Pts',(15.5538259886156,11.935803076199,-34.9360984779235));
#1973=CARTESIAN_POINT('Ctrl Pts',(15.5538259886156,9.89064706829119,-33.0899977701291));
#1974=CARTESIAN_POINT('Ctrl Pts',(15.5538259886156,8.83562480237818,-31.455125990211));
#1975=CARTESIAN_POINT('Ctrl Pts',(15.5538259886156,8.31901464522342,-30.1694087161609));
#1976=CARTESIAN_POINT('Ctrl Pts',(15.5538259886156,8.0852666606057,-29.3191928882139));
#1977=CARTESIAN_POINT('Ctrl Pts',(15.5538259886156,8.00237780856476,-28.9520434923444));
#1978=CARTESIAN_POINT('',(15.5538259886148,71.2075066548758,-28.9520434923383));
#1979=CARTESIAN_POINT('',(15.5538259886156,0.,-28.9520434923444));
#1980=CARTESIAN_POINT('Ctrl Pts',(15.5538259886156,71.2075066548758,-28.9520434923324));
#1981=CARTESIAN_POINT('Ctrl Pts',(15.5538259886156,70.902538788874,-29.3427630856491));
#1982=CARTESIAN_POINT('Ctrl Pts',(15.5538259886156,70.573854255201,-29.7175496430002));
#1983=CARTESIAN_POINT('Ctrl Pts',(15.5538259886156,68.6951615433196,-31.645939603219));
#1984=CARTESIAN_POINT('Ctrl Pts',(15.5538259886156,66.4805579128571,-33.2227478391531));
#1985=CARTESIAN_POINT('Ctrl Pts',(15.5538259886156,59.0336668546993,-36.4180439424723));
#1986=CARTESIAN_POINT('Ctrl Pts',(15.5538259886156,54.2710869102744,-37.5158732011342));
#1987=CARTESIAN_POINT('Ctrl Pts',(15.5538259886156,42.6827991520556,-39.2632235329294));
#1988=CARTESIAN_POINT('Ctrl Pts',(15.5538259887844,34.8427765770627,-39.4467992612671));
#1989=CARTESIAN_POINT('Ctrl Pts',(15.5538259887844,23.9133114388944,-38.4134120579694));
#1990=CARTESIAN_POINT('Ctrl Pts',(15.5538259886156,18.1690782457315,-37.5288040036802));
#1991=CARTESIAN_POINT('Ctrl Pts',(15.5538259886156,12.2084247717096,-34.3649089207684));
#1992=CARTESIAN_POINT('Ctrl Pts',(15.5538259886156,10.9525412611332,-33.3299372580776));
#1993=CARTESIAN_POINT('Ctrl Pts',(15.5538259886156,9.3520462722425,-31.3762222593205));
#1994=CARTESIAN_POINT('Ctrl Pts',(15.5538259886156,8.82805812191413,-30.4552028232744));
#1995=CARTESIAN_POINT('Ctrl Pts',(15.5538259886156,8.3949975541845,-29.2778972955359));
#1996=CARTESIAN_POINT('Ctrl Pts',(15.5538259886156,8.33992016724941,-29.1154696489166));
#1997=CARTESIAN_POINT('Ctrl Pts',(15.5538259886156,8.28888924304032,-28.9520434923443));
#1998=CARTESIAN_POINT('Origin',(26.9240688628672,40.8187254260773,-26.7450403418328));
#1999=CARTESIAN_POINT('',(27.3352965000061,8.00237780856476,-27.4573075028338));
#2000=CARTESIAN_POINT('',(27.3352965000061,8.28888924304033,-27.4573075028338));
#2001=CARTESIAN_POINT('',(27.3352965000061,0.,-27.4573075028338));
#2002=CARTESIAN_POINT('',(27.3352965000061,71.9891188490388,-27.4573075028338));
#2003=CARTESIAN_POINT('Ctrl Pts',(27.3352965000061,71.9891188490388,-27.4573075028338));
#2004=CARTESIAN_POINT('Ctrl Pts',(27.580974111534,71.6507494463223,-27.8828336082823));
#2005=CARTESIAN_POINT('Ctrl Pts',(28.0913434188995,70.8505904358134,-28.7668191792631));
#2006=CARTESIAN_POINT('Ctrl Pts',(28.849307712519,69.3245312909646,-30.0796518461351));
#2007=CARTESIAN_POINT('Ctrl Pts',(29.8002184418206,66.5976980538085,-31.7266775427478));
#2008=CARTESIAN_POINT('Ctrl Pts',(30.8271308498775,62.0563676514359,-33.5053420084254));
#2009=CARTESIAN_POINT('Ctrl Pts',(31.6609924631812,56.4393572943127,-34.9496326891487));
#2010=CARTESIAN_POINT('Ctrl Pts',(32.2629851293837,50.0874974462188,-35.9923145727953));
#2011=CARTESIAN_POINT('Ctrl Pts',(32.6254610495314,43.3280352070651,-36.6201412830113));
#2012=CARTESIAN_POINT('Ctrl Pts',(32.7512074028427,36.5173290446685,-36.837940355813));
#2013=CARTESIAN_POINT('Ctrl Pts',(32.6507854171538,30.0076154242046,-36.6640043744029));
#2014=CARTESIAN_POINT('Ctrl Pts',(32.3398750680125,24.1112920043273,-36.1254918530912));
#2015=CARTESIAN_POINT('Ctrl Pts',(31.8368821926171,19.069586298028,-35.2542826370613));
#2016=CARTESIAN_POINT('Ctrl Pts',(31.1603394592788,15.0093000251233,-34.0824762494277));
#2017=CARTESIAN_POINT('Ctrl Pts',(30.3273239927956,11.935803076199,-32.6396511379882));
#2018=CARTESIAN_POINT('Ctrl Pts',(29.4042736388984,9.89064706829119,-31.0408810270939));
#2019=CARTESIAN_POINT('Ctrl Pts',(28.5868377489394,8.83562480237818,-29.6250405337545));
#2020=CARTESIAN_POINT('Ctrl Pts',(27.9439791119143,8.31901464522342,-28.5115767123426));
#2021=CARTESIAN_POINT('Ctrl Pts',(27.5188711979408,8.08526666060569,-27.7752682066409));
#2022=CARTESIAN_POINT('Ctrl Pts',(27.3352965000061,8.00237780856476,-27.4573075028338));
#2023=CARTESIAN_POINT('',(27.3352965000023,71.2075066548758,-27.4573075028289));
#2024=CARTESIAN_POINT('',(27.3352965000061,0.,-27.4573075028338));
#2025=CARTESIAN_POINT('Ctrl Pts',(27.3352965000061,8.28888924304033,-27.4573075028338));
#2026=CARTESIAN_POINT('Ctrl Pts',(27.4170095782924,8.33992016724955,-27.5988387060685));
#2027=CARTESIAN_POINT('Ctrl Pts',(27.4982234016022,8.3949975541848,-27.7395051743181));
#2028=CARTESIAN_POINT('Ctrl Pts',(28.0868761654717,8.82805812191476,-28.7590816693559));
#2029=CARTESIAN_POINT('Ctrl Pts',(28.5473858834947,9.3520462722433,-29.556707898351));
#2030=CARTESIAN_POINT('Ctrl Pts',(29.5242433828749,10.9525412611371,-31.2486747190322));
#2031=CARTESIAN_POINT('Ctrl Pts',(30.0417292142199,12.2084247717159,-32.1449864711186));
#2032=CARTESIAN_POINT('Ctrl Pts',(31.6236767556736,18.1690782457314,-34.8849999878251));
#2033=CARTESIAN_POINT('Ctrl Pts',(32.0659807829649,23.913311438891,-35.6510930351485));
#2034=CARTESIAN_POINT('Ctrl Pts',(32.5826743846141,34.8427765770829,-36.5460326051505));
#2035=CARTESIAN_POINT('Ctrl Pts',(32.4908865202975,42.682799152075,-36.3870513609736));
#2036=CARTESIAN_POINT('Ctrl Pts',(31.6172113544005,54.2710869102778,-34.8738015843288));
#2037=CARTESIAN_POINT('Ctrl Pts',(31.0682967250695,59.0336668547031,-33.9230535573096));
#2038=CARTESIAN_POINT('Ctrl Pts',(29.4706486734235,66.4805579127953,-31.1558459592453));
#2039=CARTESIAN_POINT('Ctrl Pts',(28.6822445554639,68.6951615432796,-29.7902899700428));
#2040=CARTESIAN_POINT('Ctrl Pts',(27.718049575334,70.573854255201,-28.120255276055));
#2041=CARTESIAN_POINT('Ctrl Pts',(27.5306562966584,70.902538788874,-27.795680596392));
#2042=CARTESIAN_POINT('Ctrl Pts',(27.3352965000001,71.2075066548758,-27.4573075028234));
#2043=CARTESIAN_POINT('Ctrl Pts',(21.0969303228918,71.5322438259573,-16.6521403278526));
#2044=CARTESIAN_POINT('Ctrl Pts',(21.0969303228918,71.5322438259573,-16.6521403278526));
#2045=CARTESIAN_POINT('Ctrl Pts',(21.0969303228918,71.5322438259573,-16.6521403278526));
#2046=CARTESIAN_POINT('Ctrl Pts',(21.1814570378372,71.7456878856581,-16.7985448927351));
#2047=CARTESIAN_POINT('Ctrl Pts',(21.0969303228918,71.7456878856581,-16.8473464143625));
#2048=CARTESIAN_POINT('Ctrl Pts',(21.0124036079463,71.7456878856581,-16.7985448927351));
#2049=CARTESIAN_POINT('Ctrl Pts',(21.3738075219341,72.1525607916279,-17.1317057040512));
#2050=CARTESIAN_POINT('Ctrl Pts',(21.0969303228918,72.1525607916279,-17.2915608294508));
#2051=CARTESIAN_POINT('Ctrl Pts',(20.8200531238495,72.1525607916279,-17.1317057040512));
#2052=CARTESIAN_POINT('Ctrl Pts',(21.7322294658995,72.7028451951348,-17.752510721547));
#2053=CARTESIAN_POINT('Ctrl Pts',(21.0969303228918,72.7028451951348,-18.1193008527785));
#2054=CARTESIAN_POINT('Ctrl Pts',(20.461631179884,72.7028451951348,-17.752510721547));
#2055=CARTESIAN_POINT('Ctrl Pts',(22.3502388858847,73.3160159350019,-18.8229344365174));
#2056=CARTESIAN_POINT('Ctrl Pts',(21.0969303228918,73.3160159350019,-19.546532472739));
#2057=CARTESIAN_POINT('Ctrl Pts',(19.8436217598989,73.3160159350019,-18.8229344365174));
#2058=CARTESIAN_POINT('Ctrl Pts',(23.3474782628278,73.8438051646705,-20.5502037046912));
#2059=CARTESIAN_POINT('Ctrl Pts',(21.0969303228918,73.8438051646705,-21.8495581636374));
#2060=CARTESIAN_POINT('Ctrl Pts',(18.8463823829558,73.8438051646705,-20.5502037046912));
#2061=CARTESIAN_POINT('Ctrl Pts',(24.5384115250092,74.0190926088793,-22.6129606232133));
#2062=CARTESIAN_POINT('Ctrl Pts',(21.0969303228918,74.0190926088793,-24.5999007216668));
#2063=CARTESIAN_POINT('Ctrl Pts',(17.6554491207743,74.0190926088793,-22.6129606232133));
#2064=CARTESIAN_POINT('Ctrl Pts',(25.8597799678696,73.6236477041729,-24.9016379017657));
#2065=CARTESIAN_POINT('Ctrl Pts',(21.0969303228918,73.6236477041729,-27.6514704264033));
#2066=CARTESIAN_POINT('Ctrl Pts',(16.3340806779139,73.6236477041729,-24.9016379017657));
#2067=CARTESIAN_POINT('Ctrl Pts',(27.2305553547802,72.4039001300931,-27.2758905176597));
#2068=CARTESIAN_POINT('Ctrl Pts',(21.0969303228918,72.4039001300931,-30.8171405809287));
#2069=CARTESIAN_POINT('Ctrl Pts',(14.9633052910033,72.4039001300931,-27.2758905176597));
#2070=CARTESIAN_POINT('Ctrl Pts',(28.5644676801186,70.1337117618453,-29.5862944379881));
#2071=CARTESIAN_POINT('Ctrl Pts',(21.0969303228918,70.1337117618453,-33.8976791413666));
#2072=CARTESIAN_POINT('Ctrl Pts',(13.629392965665,70.1337117618453,-29.5862944379881));
#2073=CARTESIAN_POINT('Ctrl Pts',(29.7825113208894,66.6760045247325,-31.6960079096393));
#2074=CARTESIAN_POINT('Ctrl Pts',(21.0969303228918,66.6760045247325,-36.7106304369015));
#2075=CARTESIAN_POINT('Ctrl Pts',(12.4113493248942,66.6760045247325,-31.6960079096393));
#2076=CARTESIAN_POINT('Ctrl Pts',(30.8271308498775,62.0563676514359,-33.5053420084254));
#2077=CARTESIAN_POINT('Ctrl Pts',(21.0969303228918,62.0563676514359,-39.1230759019496));
#2078=CARTESIAN_POINT('Ctrl Pts',(11.3667297959061,62.0563676514359,-33.5053420084254));
#2079=CARTESIAN_POINT('Ctrl Pts',(31.6609924631812,56.4393572943127,-34.9496326891487));
#2080=CARTESIAN_POINT('Ctrl Pts',(21.0969303228918,56.4393572943127,-41.0487968095808));
#2081=CARTESIAN_POINT('Ctrl Pts',(10.5328681826024,56.4393572943127,-34.9496326891487));
#2082=CARTESIAN_POINT('Ctrl Pts',(32.2629851293837,50.0874974462188,-35.9923145727953));
#2083=CARTESIAN_POINT('Ctrl Pts',(21.0969303228918,50.0874974462188,-42.4390393211096));
#2084=CARTESIAN_POINT('Ctrl Pts',(9.93087551639985,50.0874974462188,-35.9923145727954));
#2085=CARTESIAN_POINT('Ctrl Pts',(32.6254610495314,43.3280352070651,-36.6201412830113));
#2086=CARTESIAN_POINT('Ctrl Pts',(21.0969303228918,43.3280352070651,-43.2761416013976));
#2087=CARTESIAN_POINT('Ctrl Pts',(9.56839959625222,43.3280352070651,-36.6201412830113));
#2088=CARTESIAN_POINT('Ctrl Pts',(32.7512074028427,36.5173290446685,-36.837940355813));
#2089=CARTESIAN_POINT('Ctrl Pts',(21.0969303228918,36.5173290446685,-43.5665403651332));
#2090=CARTESIAN_POINT('Ctrl Pts',(9.4426532429409,36.5173290446685,-36.8379403558131));
#2091=CARTESIAN_POINT('Ctrl Pts',(32.6507854171538,30.0076154242046,-36.6640043744029));
#2092=CARTESIAN_POINT('Ctrl Pts',(21.0969303228918,30.0076154242046,-43.334625723253));
#2093=CARTESIAN_POINT('Ctrl Pts',(9.5430752286298,30.0076154242046,-36.6640043744029));
#2094=CARTESIAN_POINT('Ctrl Pts',(32.3398750680125,24.1112920043273,-36.1254918530912));
#2095=CARTESIAN_POINT('Ctrl Pts',(21.0969303228918,24.1112920043273,-42.6166090281708));
#2096=CARTESIAN_POINT('Ctrl Pts',(9.85398557777107,24.1112920043273,-36.1254918530912));
#2097=CARTESIAN_POINT('Ctrl Pts',(31.8368821926171,19.069586298028,-35.2542826370613));
#2098=CARTESIAN_POINT('Ctrl Pts',(21.0969303228918,19.069586298028,-41.4549967401308));
#2099=CARTESIAN_POINT('Ctrl Pts',(10.3569784531664,19.069586298028,-35.2542826370613));
#2100=CARTESIAN_POINT('Ctrl Pts',(31.1603394592788,15.0093000251233,-34.0824762494277));
#2101=CARTESIAN_POINT('Ctrl Pts',(21.0969303228918,15.0093000251233,-39.8925882232861));
#2102=CARTESIAN_POINT('Ctrl Pts',(11.0335211865048,15.0093000251233,-34.0824762494277));
#2103=CARTESIAN_POINT('Ctrl Pts',(30.3273239927956,11.935803076199,-32.6396511379882));
#2104=CARTESIAN_POINT('Ctrl Pts',(21.0969303228918,11.935803076199,-37.9688214080334));
#2105=CARTESIAN_POINT('Ctrl Pts',(11.866536652988,11.935803076199,-32.6396511379882));
#2106=CARTESIAN_POINT('Ctrl Pts',(29.3532964093764,9.77769939779491,-30.9525858755326));
#2107=CARTESIAN_POINT('Ctrl Pts',(21.0969303228918,9.77769939779491,-35.7194010580926));
#2108=CARTESIAN_POINT('Ctrl Pts',(12.8405642364072,9.77769939779491,-30.9525858755326));
#2109=CARTESIAN_POINT('Ctrl Pts',(28.2516252508104,8.41889783207182,-29.0444354556631));
#2110=CARTESIAN_POINT('Ctrl Pts',(21.0969303228918,8.41889783207182,-33.1752004982666));
#2111=CARTESIAN_POINT('Ctrl Pts',(13.9422353949731,8.41889783207182,-29.0444354556631));
#2112=CARTESIAN_POINT('Ctrl Pts',(27.0333244429864,7.7323440534,-26.9342765576096));
#2113=CARTESIAN_POINT('Ctrl Pts',(21.0969303228918,7.7323440534,-30.3616553008619));
#2114=CARTESIAN_POINT('Ctrl Pts',(15.1605362027972,7.7323440534,-26.9342765576096));
#2115=CARTESIAN_POINT('Ctrl Pts',(25.7066323421947,7.61835824327519,-24.6363784330382));
#2116=CARTESIAN_POINT('Ctrl Pts',(21.0969303228918,7.61835824327519,-27.2977911347667));
#2117=CARTESIAN_POINT('Ctrl Pts',(16.4872283035888,7.61835824327519,-24.6363784330382));
#2118=CARTESIAN_POINT('Ctrl Pts',(24.2770987334451,8.01680575462909,-22.1603535915565));
#2119=CARTESIAN_POINT('Ctrl Pts',(21.0969303228918,8.01680575462909,-23.9964246794578));
#2120=CARTESIAN_POINT('Ctrl Pts',(17.9167619123385,8.01680575462909,-22.1603535915565));
#2121=CARTESIAN_POINT('Ctrl Pts',(23.0539052517878,8.71849943779314,-20.0417203338391));
#2122=CARTESIAN_POINT('Ctrl Pts',(21.0969303228918,8.71849943779314,-21.1715803358346));
#2123=CARTESIAN_POINT('Ctrl Pts',(19.1399553939957,8.71849943779314,-20.0417203338391));
#2124=CARTESIAN_POINT('Ctrl Pts',(22.092491352963,9.45416705093757,-18.3765026139715));
#2125=CARTESIAN_POINT('Ctrl Pts',(21.0969303228918,9.45416705093757,-18.9512900426778));
#2126=CARTESIAN_POINT('Ctrl Pts',(20.1013692928206,9.45416705093757,-18.3765026139715));
#2127=CARTESIAN_POINT('Ctrl Pts',(21.4320361196646,10.0374162020079,-17.232560593774));
#2128=CARTESIAN_POINT('Ctrl Pts',(21.0969303228918,10.0374162020079,-17.4260340157478));
#2129=CARTESIAN_POINT('Ctrl Pts',(20.761824526119,10.0374162020079,-17.232560593774));
#2130=CARTESIAN_POINT('Ctrl Pts',(21.0969303228918,10.3522429143042,-16.6521403278526));
#2131=CARTESIAN_POINT('Ctrl Pts',(21.0969303228918,10.3522429143042,-16.6521403278526));
#2132=CARTESIAN_POINT('Ctrl Pts',(21.0969303228918,10.3522429143042,-16.6521403278526));
#2133=CARTESIAN_POINT('Ctrl Pts',(15.5538259886156,8.28888924304034,-28.9520434923444));
#2134=CARTESIAN_POINT('Ctrl Pts',(17.3600944911209,8.11166115903763,-29.1984892319357));
#2135=CARTESIAN_POINT('Ctrl Pts',(19.2029602729656,8.02585501359812,-29.2299088202153));
#2136=CARTESIAN_POINT('Ctrl Pts',(23.1963603767448,7.93140523949746,-28.8135706302302));
#2137=CARTESIAN_POINT('Ctrl Pts',(25.3242124304099,7.93607044407956,-28.279268359632));
#2138=CARTESIAN_POINT('Ctrl Pts',(27.3352965000061,8.00237780856476,-27.4573075028338));
#2139=CARTESIAN_POINT('Ctrl Pts',(27.3352965000061,71.9891188490388,-27.4573075028338));
#2140=CARTESIAN_POINT('Ctrl Pts',(25.3507510902118,72.1887070125653,-28.2684216029604));
#2141=CARTESIAN_POINT('Ctrl Pts',(23.2370782254719,72.208967894647,-28.8028717186615));
#2142=CARTESIAN_POINT('Ctrl Pts',(19.2314462129775,71.9205411091894,-29.232403007178));
#2143=CARTESIAN_POINT('Ctrl Pts',(17.3622138162259,71.6510323983927,-29.198778390852));
#2144=CARTESIAN_POINT('Ctrl Pts',(15.5538259886162,71.2075066548666,-28.9520434923445));
#2145=CARTESIAN_POINT('Origin',(36.0787141010512,40.8187254260773,-19.8608652711327));
#2146=CARTESIAN_POINT('',(36.7909812620521,8.00237780856476,-20.2720929082715));
#2147=CARTESIAN_POINT('',(36.7909812620521,0.,-20.2720929082715));
#2148=CARTESIAN_POINT('',(36.7909812620521,71.9891188490388,-20.2720929082715));
#2149=CARTESIAN_POINT('Ctrl Pts',(36.7909812620521,71.9891188490388,-20.2720929082715));
#2150=CARTESIAN_POINT('Ctrl Pts',(37.2165073675007,71.6507494463223,-20.5177705197994));
#2151=CARTESIAN_POINT('Ctrl Pts',(38.1004929384814,70.8505904358134,-21.0281398271649));
#2152=CARTESIAN_POINT('Ctrl Pts',(39.4133256053535,69.3245312909646,-21.7861041207844));
#2153=CARTESIAN_POINT('Ctrl Pts',(41.0603513019662,66.5976980538085,-22.737014850086));
#2154=CARTESIAN_POINT('Ctrl Pts',(42.8390157676437,62.0563676514359,-23.7639272581429));
#2155=CARTESIAN_POINT('Ctrl Pts',(44.2833064483671,56.4393572943127,-24.5977888714466));
#2156=CARTESIAN_POINT('Ctrl Pts',(45.3259883320137,50.0874974462188,-25.1997815376492));
#2157=CARTESIAN_POINT('Ctrl Pts',(45.9538150422297,43.3280352070651,-25.5622574577968));
#2158=CARTESIAN_POINT('Ctrl Pts',(46.1716141150314,36.5173290446685,-25.6880038111081));
#2159=CARTESIAN_POINT('Ctrl Pts',(45.9976781336213,30.0076154242046,-25.5875818254192));
#2160=CARTESIAN_POINT('Ctrl Pts',(45.4591656123096,24.1112920043273,-25.2766714762779));
#2161=CARTESIAN_POINT('Ctrl Pts',(44.5879563962796,19.069586298028,-24.7736786008826));
#2162=CARTESIAN_POINT('Ctrl Pts',(43.4161500086461,15.0093000251233,-24.0971358675442));
#2163=CARTESIAN_POINT('Ctrl Pts',(41.9733248972066,11.935803076199,-23.2641204010611));
#2164=CARTESIAN_POINT('Ctrl Pts',(40.3745547863122,9.89064706829119,-22.3410700471639));
#2165=CARTESIAN_POINT('Ctrl Pts',(38.9587142929729,8.83562480237818,-21.5236341572048));
#2166=CARTESIAN_POINT('Ctrl Pts',(37.845250471561,8.31901464522342,-20.8807755201797));
#2167=CARTESIAN_POINT('Ctrl Pts',(37.1089419658593,8.0852666606057,-20.4556676062063));
#2168=CARTESIAN_POINT('Ctrl Pts',(36.7909812620521,8.00237780856476,-20.2720929082715));
#2169=CARTESIAN_POINT('',(36.7909812620521,0.,-20.2720929082715));
#2170=CARTESIAN_POINT('Origin',(39.1802340283688,40.8187254260773,2.04857071753682));
#2171=CARTESIAN_POINT('',(39.8925011893697,8.00237780856476,2.45979835467563));
#2172=CARTESIAN_POINT('',(39.8925011893697,8.28888924304033,2.45979835467563));
#2173=CARTESIAN_POINT('',(39.8925011893697,0.,2.45979835467563));
#2174=CARTESIAN_POINT('',(39.8925011893697,71.9891188490388,2.45979835467564));
#2175=CARTESIAN_POINT('Ctrl Pts',(39.8925011893697,71.9891188490388,2.45979835467564));
#2176=CARTESIAN_POINT('Ctrl Pts',(40.3180272948182,71.6507494463223,2.70547596620357));
#2177=CARTESIAN_POINT('Ctrl Pts',(41.202012865799,70.8505904358134,3.21584527356906));
#2178=CARTESIAN_POINT('Ctrl Pts',(42.5148455326711,69.3245312909646,3.97380956718857));
#2179=CARTESIAN_POINT('Ctrl Pts',(44.1618712292837,66.5976980538085,4.92472029649013));
#2180=CARTESIAN_POINT('Ctrl Pts',(45.9405356949613,62.0563676514359,5.9516327045471));
#2181=CARTESIAN_POINT('Ctrl Pts',(47.3848263756847,56.4393572943127,6.78549431785079));
#2182=CARTESIAN_POINT('Ctrl Pts',(48.4275082593313,50.0874974462188,7.38748698405331));
#2183=CARTESIAN_POINT('Ctrl Pts',(49.0553349695473,43.3280352070651,7.74996290420095));
#2184=CARTESIAN_POINT('Ctrl Pts',(49.273134042349,36.5173290446685,7.87570925751227));
#2185=CARTESIAN_POINT('Ctrl Pts',(49.0991980609388,30.0076154242046,7.77528727182336));
#2186=CARTESIAN_POINT('Ctrl Pts',(48.5606855396272,24.1112920043273,7.46437692268209));
#2187=CARTESIAN_POINT('Ctrl Pts',(47.6894763235972,19.069586298028,6.96138404728672));
#2188=CARTESIAN_POINT('Ctrl Pts',(46.5176699359637,15.0093000251233,6.28484131394836));
#2189=CARTESIAN_POINT('Ctrl Pts',(45.0748448245241,11.935803076199,5.45182584746521));
#2190=CARTESIAN_POINT('Ctrl Pts',(43.4760747136298,9.89064706829119,4.52877549356802));
#2191=CARTESIAN_POINT('Ctrl Pts',(42.0602342202904,8.83562480237818,3.71133960360897));
#2192=CARTESIAN_POINT('Ctrl Pts',(40.9467703988785,8.31901464522342,3.0684809665839));
#2193=CARTESIAN_POINT('Ctrl Pts',(40.2104618931768,8.08526666060569,2.6433730526104));
#2194=CARTESIAN_POINT('Ctrl Pts',(39.8925011893697,8.00237780856476,2.45979835467563));
#2195=CARTESIAN_POINT('',(39.8925011893648,71.2075066548758,2.45979835467189));
#2196=CARTESIAN_POINT('',(39.8925011893697,0.,2.45979835467563));
#2197=CARTESIAN_POINT('Ctrl Pts',(39.8925011893697,8.28888924304033,2.45979835467564));
#2198=CARTESIAN_POINT('Ctrl Pts',(40.0340323926043,8.3399201672495,2.54151143296188));
#2199=CARTESIAN_POINT('Ctrl Pts',(40.1746988608537,8.39499755418467,2.62272525627162));
#2200=CARTESIAN_POINT('Ctrl Pts',(41.1942753558915,8.82805812191454,3.21137802014109));
#2201=CARTESIAN_POINT('Ctrl Pts',(41.9919015848866,9.35204627224306,3.67188773816416));
#2202=CARTESIAN_POINT('Ctrl Pts',(43.6838684055622,10.9525412611315,4.6487452375411));
#2203=CARTESIAN_POINT('Ctrl Pts',(44.5801801576501,12.2084247717064,5.16623106888687));
#2204=CARTESIAN_POINT('Ctrl Pts',(47.3201936743633,18.1690782457359,6.74817861034442));
#2205=CARTESIAN_POINT('Ctrl Pts',(48.0862867216855,23.9133114389038,7.19048263763514));
#2206=CARTESIAN_POINT('Ctrl Pts',(48.9812262916857,34.842776577074,7.70717623928318));
#2207=CARTESIAN_POINT('Ctrl Pts',(48.8222450475107,42.682799152066,7.61538837496776));
#2208=CARTESIAN_POINT('Ctrl Pts',(47.3089952708643,54.271086910281,6.74171320906985));
#2209=CARTESIAN_POINT('Ctrl Pts',(46.358247243845,59.0336668547044,6.19279857973874));
#2210=CARTESIAN_POINT('Ctrl Pts',(43.5910396457873,66.480557912779,4.59515052809655));
#2211=CARTESIAN_POINT('Ctrl Pts',(42.2254836565879,68.6951615432686,3.80674641013874));
#2212=CARTESIAN_POINT('Ctrl Pts',(40.555448962592,70.5738542551999,2.8425514300042));
#2213=CARTESIAN_POINT('Ctrl Pts',(40.2308742829284,70.9025387888735,2.65515815132829));
#2214=CARTESIAN_POINT('Ctrl Pts',(39.8925011893593,71.2075066548758,2.45979835466964));
#2215=CARTESIAN_POINT('Ctrl Pts',(29.0873340143886,71.5322438259573,-3.77856782243864));
#2216=CARTESIAN_POINT('Ctrl Pts',(29.0873340143886,71.5322438259573,-3.77856782243864));
#2217=CARTESIAN_POINT('Ctrl Pts',(29.0873340143886,71.5322438259573,-3.77856782243864));
#2218=CARTESIAN_POINT('Ctrl Pts',(29.233738579271,71.7456878856581,-3.69404110749317));
#2219=CARTESIAN_POINT('Ctrl Pts',(29.2825401008985,71.7456878856581,-3.77856782243864));
#2220=CARTESIAN_POINT('Ctrl Pts',(29.233738579271,71.7456878856581,-3.8630945373841));
#2221=CARTESIAN_POINT('Ctrl Pts',(29.5668993905872,72.1525607916279,-3.50169062339635));
#2222=CARTESIAN_POINT('Ctrl Pts',(29.7267545159867,72.1525607916279,-3.77856782243863));
#2223=CARTESIAN_POINT('Ctrl Pts',(29.5668993905872,72.1525607916279,-4.05544502148092));
#2224=CARTESIAN_POINT('Ctrl Pts',(30.187704408083,72.7028451951348,-3.14326867943088));
#2225=CARTESIAN_POINT('Ctrl Pts',(30.5544945393144,72.7028451951348,-3.77856782243864));
#2226=CARTESIAN_POINT('Ctrl Pts',(30.187704408083,72.7028451951348,-4.41386696544639));
#2227=CARTESIAN_POINT('Ctrl Pts',(31.2581281230534,73.3160159350019,-2.52525925944576));
#2228=CARTESIAN_POINT('Ctrl Pts',(31.981726159275,73.3160159350019,-3.77856782243863));
#2229=CARTESIAN_POINT('Ctrl Pts',(31.2581281230534,73.3160159350019,-5.03187638543151));
#2230=CARTESIAN_POINT('Ctrl Pts',(32.9853973912272,73.8438051646705,-1.52801988250266));
#2231=CARTESIAN_POINT('Ctrl Pts',(34.2847518501733,73.8438051646705,-3.77856782243863));
#2232=CARTESIAN_POINT('Ctrl Pts',(32.9853973912272,73.8438051646705,-6.02911576237461));
#2233=CARTESIAN_POINT('Ctrl Pts',(35.0481543097492,74.0190926088793,-0.33708662032117));
#2234=CARTESIAN_POINT('Ctrl Pts',(37.0350944082028,74.0190926088793,-3.77856782243863));
#2235=CARTESIAN_POINT('Ctrl Pts',(35.0481543097492,74.0190926088793,-7.2200490245561));
#2236=CARTESIAN_POINT('Ctrl Pts',(37.3368315883016,73.6236477041729,0.984281822539215));
#2237=CARTESIAN_POINT('Ctrl Pts',(40.0866641129393,73.6236477041729,-3.77856782243863));
#2238=CARTESIAN_POINT('Ctrl Pts',(37.3368315883016,73.6236477041729,-8.54141746741648));
#2239=CARTESIAN_POINT('Ctrl Pts',(39.7110842041956,72.4039001300931,2.35505720944983));
#2240=CARTESIAN_POINT('Ctrl Pts',(43.2523342674647,72.4039001300931,-3.77856782243863));
#2241=CARTESIAN_POINT('Ctrl Pts',(39.7110842041956,72.4039001300931,-9.91219285432709));
#2242=CARTESIAN_POINT('Ctrl Pts',(42.021488124524,70.1337117618453,3.68896953478817));
#2243=CARTESIAN_POINT('Ctrl Pts',(46.3328728279025,70.1337117618453,-3.77856782243863));
#2244=CARTESIAN_POINT('Ctrl Pts',(42.021488124524,70.1337117618453,-11.2461051796654));
#2245=CARTESIAN_POINT('Ctrl Pts',(44.1312015961752,66.6760045247325,4.907013175559));
#2246=CARTESIAN_POINT('Ctrl Pts',(49.1458241234375,66.6760045247325,-3.77856782243863));
#2247=CARTESIAN_POINT('Ctrl Pts',(44.1312015961752,66.6760045247325,-12.4641488204363));
#2248=CARTESIAN_POINT('Ctrl Pts',(45.9405356949613,62.0563676514359,5.9516327045471));
#2249=CARTESIAN_POINT('Ctrl Pts',(51.5582695884856,62.0563676514359,-3.77856782243863));
#2250=CARTESIAN_POINT('Ctrl Pts',(45.9405356949613,62.0563676514359,-13.5087683494244));
#2251=CARTESIAN_POINT('Ctrl Pts',(47.3848263756847,56.4393572943127,6.78549431785079));
#2252=CARTESIAN_POINT('Ctrl Pts',(53.4839904961167,56.4393572943127,-3.77856782243862));
#2253=CARTESIAN_POINT('Ctrl Pts',(47.3848263756847,56.4393572943127,-14.342629962728));
#2254=CARTESIAN_POINT('Ctrl Pts',(48.4275082593313,50.0874974462188,7.38748698405331));
#2255=CARTESIAN_POINT('Ctrl Pts',(54.8742330076455,50.0874974462188,-3.77856782243862));
#2256=CARTESIAN_POINT('Ctrl Pts',(48.4275082593313,50.0874974462188,-14.9446226289306));
#2257=CARTESIAN_POINT('Ctrl Pts',(49.0553349695473,43.3280352070651,7.74996290420095));
#2258=CARTESIAN_POINT('Ctrl Pts',(55.7113352879335,43.3280352070651,-3.77856782243862));
#2259=CARTESIAN_POINT('Ctrl Pts',(49.0553349695473,43.3280352070651,-15.3070985490782));
#2260=CARTESIAN_POINT('Ctrl Pts',(49.273134042349,36.5173290446685,7.87570925751227));
#2261=CARTESIAN_POINT('Ctrl Pts',(56.0017340516691,36.5173290446685,-3.77856782243862));
#2262=CARTESIAN_POINT('Ctrl Pts',(49.273134042349,36.5173290446685,-15.4328449023895));
#2263=CARTESIAN_POINT('Ctrl Pts',(49.0991980609388,30.0076154242046,7.77528727182336));
#2264=CARTESIAN_POINT('Ctrl Pts',(55.7698194097889,30.0076154242046,-3.77856782243862));
#2265=CARTESIAN_POINT('Ctrl Pts',(49.0991980609388,30.0076154242046,-15.3324229167006));
#2266=CARTESIAN_POINT('Ctrl Pts',(48.5606855396272,24.1112920043273,7.46437692268209));
#2267=CARTESIAN_POINT('Ctrl Pts',(55.0518027147067,24.1112920043273,-3.77856782243862));
#2268=CARTESIAN_POINT('Ctrl Pts',(48.5606855396272,24.1112920043273,-15.0215125675593));
#2269=CARTESIAN_POINT('Ctrl Pts',(47.6894763235972,19.069586298028,6.96138404728672));
#2270=CARTESIAN_POINT('Ctrl Pts',(53.8901904266668,19.069586298028,-3.77856782243862));
#2271=CARTESIAN_POINT('Ctrl Pts',(47.6894763235972,19.069586298028,-14.518519692164));
#2272=CARTESIAN_POINT('Ctrl Pts',(46.5176699359637,15.0093000251233,6.28484131394836));
#2273=CARTESIAN_POINT('Ctrl Pts',(52.327781909822,15.0093000251233,-3.77856782243862));
#2274=CARTESIAN_POINT('Ctrl Pts',(46.5176699359637,15.0093000251233,-13.8419769588256));
#2275=CARTESIAN_POINT('Ctrl Pts',(45.0748448245241,11.935803076199,5.45182584746521));
#2276=CARTESIAN_POINT('Ctrl Pts',(50.4040150945694,11.935803076199,-3.77856782243863));
#2277=CARTESIAN_POINT('Ctrl Pts',(45.0748448245242,11.935803076199,-13.0089614923425));
#2278=CARTESIAN_POINT('Ctrl Pts',(43.3877795620686,9.77769939779491,4.477798264046));
#2279=CARTESIAN_POINT('Ctrl Pts',(48.1545947446286,9.77769939779491,-3.77856782243863));
#2280=CARTESIAN_POINT('Ctrl Pts',(43.3877795620686,9.77769939779491,-12.0349339089233));
#2281=CARTESIAN_POINT('Ctrl Pts',(41.479629142199,8.41889783207182,3.37612710548002));
#2282=CARTESIAN_POINT('Ctrl Pts',(45.6103941848025,8.41889783207182,-3.77856782243863));
#2283=CARTESIAN_POINT('Ctrl Pts',(41.479629142199,8.41889783207182,-10.9332627503573));
#2284=CARTESIAN_POINT('Ctrl Pts',(39.3694702441455,7.7323440534,2.15782629765595));
#2285=CARTESIAN_POINT('Ctrl Pts',(42.7968489873978,7.7323440534,-3.77856782243863));
#2286=CARTESIAN_POINT('Ctrl Pts',(39.3694702441455,7.7323440534,-9.71496194253322));
#2287=CARTESIAN_POINT('Ctrl Pts',(37.0715721195741,7.61835824327519,0.831134196864327));
#2288=CARTESIAN_POINT('Ctrl Pts',(39.7329848213027,7.61835824327519,-3.77856782243863));
#2289=CARTESIAN_POINT('Ctrl Pts',(37.0715721195741,7.61835824327519,-8.38826984174159));
#2290=CARTESIAN_POINT('Ctrl Pts',(34.5955472780925,8.01680575462909,-0.598399411885321));
#2291=CARTESIAN_POINT('Ctrl Pts',(36.4316183659938,8.01680575462909,-3.77856782243863));
#2292=CARTESIAN_POINT('Ctrl Pts',(34.5955472780925,8.01680575462909,-6.95873623299194));
#2293=CARTESIAN_POINT('Ctrl Pts',(32.476914020375,8.71849943779314,-1.82159289354258));
#2294=CARTESIAN_POINT('Ctrl Pts',(33.6067740223705,8.71849943779314,-3.77856782243863));
#2295=CARTESIAN_POINT('Ctrl Pts',(32.476914020375,8.71849943779314,-5.73554275133469));
#2296=CARTESIAN_POINT('Ctrl Pts',(30.8116963005074,9.45416705093757,-2.78300679236746));
#2297=CARTESIAN_POINT('Ctrl Pts',(31.3864837292137,9.45416705093757,-3.77856782243863));
#2298=CARTESIAN_POINT('Ctrl Pts',(30.8116963005074,9.45416705093757,-4.77412885250981));
#2299=CARTESIAN_POINT('Ctrl Pts',(29.66775428031,10.0374162020079,-3.4434620256658));
#2300=CARTESIAN_POINT('Ctrl Pts',(29.8612277022838,10.0374162020079,-3.77856782243863));
#2301=CARTESIAN_POINT('Ctrl Pts',(29.66775428031,10.0374162020079,-4.11367361921147));
#2302=CARTESIAN_POINT('Ctrl Pts',(29.0873340143886,10.3522429143042,-3.77856782243864));
#2303=CARTESIAN_POINT('Ctrl Pts',(29.0873340143886,10.3522429143042,-3.77856782243864));
#2304=CARTESIAN_POINT('Ctrl Pts',(29.0873340143886,10.3522429143042,-3.77856782243864));
#2305=CARTESIAN_POINT('Ctrl Pts',(41.3872371788803,8.28888924304033,-9.32167215671482));
#2306=CARTESIAN_POINT('Ctrl Pts',(41.6336829184716,8.11166115903763,-7.51540365420956));
#2307=CARTESIAN_POINT('Ctrl Pts',(41.6651025067513,8.02585501359812,-5.67253787236495));
#2308=CARTESIAN_POINT('Ctrl Pts',(41.2487643167661,7.93140523949746,-1.67913776858553));
#2309=CARTESIAN_POINT('Ctrl Pts',(40.7144620461679,7.93607044407956,0.448714285079542));
#2310=CARTESIAN_POINT('Ctrl Pts',(39.8925011893697,8.00237780856476,2.45979835467564));
#2311=CARTESIAN_POINT('Ctrl Pts',(39.8925011893697,71.9891188490388,2.45979835467563));
#2312=CARTESIAN_POINT('Ctrl Pts',(40.7036152894963,72.1887070125653,0.475252944881326));
#2313=CARTESIAN_POINT('Ctrl Pts',(41.2380654051975,72.208967894647,-1.63841991985856));
#2314=CARTESIAN_POINT('Ctrl Pts',(41.667596693714,71.9205411091894,-5.64405193235296));
#2315=CARTESIAN_POINT('Ctrl Pts',(41.633972077388,71.6510323983928,-7.51328432910451));
#2316=CARTESIAN_POINT('Ctrl Pts',(41.3872371788804,71.2075066548666,-9.32167215671422));
#2317=CARTESIAN_POINT('Ctrl Pts',(26.4689204176932,71.5322438259573,1.11031594174057));
#2318=CARTESIAN_POINT('Ctrl Pts',(26.4689204176932,71.5322438259573,1.11031594174057));
#2319=CARTESIAN_POINT('Ctrl Pts',(26.4689204176932,71.5322438259573,1.11031594174057));
#2320=CARTESIAN_POINT('Ctrl Pts',(26.5534471326386,71.7456878856581,1.256720506623));
#2321=CARTESIAN_POINT('Ctrl Pts',(26.6379738475841,71.7456878856581,1.20791898499553));
#2322=CARTESIAN_POINT('Ctrl Pts',(26.6379738475841,71.7456878856581,1.11031594174057));
#2323=CARTESIAN_POINT('Ctrl Pts',(26.7457976167354,72.1525607916279,1.58988131793917));
#2324=CARTESIAN_POINT('Ctrl Pts',(27.0226748157777,72.1525607916279,1.43002619253964));
#2325=CARTESIAN_POINT('Ctrl Pts',(27.0226748157777,72.1525607916279,1.11031594174057));
#2326=CARTESIAN_POINT('Ctrl Pts',(27.1042195607009,72.7028451951348,2.21068633543497));
#2327=CARTESIAN_POINT('Ctrl Pts',(27.7395187037087,72.7028451951348,1.8438962042035));
#2328=CARTESIAN_POINT('Ctrl Pts',(27.7395187037087,72.7028451951348,1.11031594174057));
#2329=CARTESIAN_POINT('Ctrl Pts',(27.722228980686,73.3160159350019,3.28111005040537));
#2330=CARTESIAN_POINT('Ctrl Pts',(28.9755375436789,73.3160159350019,2.55751201418377));
#2331=CARTESIAN_POINT('Ctrl Pts',(28.9755375436789,73.3160159350019,1.11031594174057));
#2332=CARTESIAN_POINT('Ctrl Pts',(28.7194683576291,73.8438051646705,5.00837931857915));
#2333=CARTESIAN_POINT('Ctrl Pts',(30.9700162975651,73.8438051646705,3.70902485963296));
#2334=CARTESIAN_POINT('Ctrl Pts',(30.9700162975651,73.8438051646705,1.11031594174057));
#2335=CARTESIAN_POINT('Ctrl Pts',(29.9104016198106,74.0190926088793,7.07113623710123));
#2336=CARTESIAN_POINT('Ctrl Pts',(33.3518828219281,74.0190926088793,5.08419613864768));
#2337=CARTESIAN_POINT('Ctrl Pts',(33.3518828219281,74.0190926088793,1.11031594174057));
#2338=CARTESIAN_POINT('Ctrl Pts',(31.231770062671,73.6236477041729,9.35981351565359));
#2339=CARTESIAN_POINT('Ctrl Pts',(35.9946197076489,73.6236477041729,6.60998099101592));
#2340=CARTESIAN_POINT('Ctrl Pts',(35.9946197076489,73.6236477041729,1.11031594174057));
#2341=CARTESIAN_POINT('Ctrl Pts',(32.6025454495816,72.4039001300931,11.7340661315477));
#2342=CARTESIAN_POINT('Ctrl Pts',(38.7361704814701,72.4039001300931,8.19281606827863));
#2343=CARTESIAN_POINT('Ctrl Pts',(38.7361704814701,72.4039001300931,1.11031594174057));
#2344=CARTESIAN_POINT('Ctrl Pts',(33.93645777492,70.1337117618453,14.044470051876));
#2345=CARTESIAN_POINT('Ctrl Pts',(41.4039951321468,70.1337117618453,9.73308534849754));
#2346=CARTESIAN_POINT('Ctrl Pts',(41.4039951321468,70.1337117618453,1.11031594174057));
#2347=CARTESIAN_POINT('Ctrl Pts',(35.1545014156908,66.6760045247325,16.1541835235273));
#2348=CARTESIAN_POINT('Ctrl Pts',(43.8400824136884,66.6760045247325,11.139560996265));
#2349=CARTESIAN_POINT('Ctrl Pts',(43.8400824136884,66.6760045247325,1.11031594174057));
#2350=CARTESIAN_POINT('Ctrl Pts',(36.1991209446789,62.0563676514359,17.9635176223133));
#2351=CARTESIAN_POINT('Ctrl Pts',(45.9293214716646,62.0563676514359,12.3457837287891));
#2352=CARTESIAN_POINT('Ctrl Pts',(45.9293214716646,62.0563676514359,1.11031594174058));
#2353=CARTESIAN_POINT('Ctrl Pts',(37.0329825579826,56.4393572943127,19.4078083030367));
#2354=CARTESIAN_POINT('Ctrl Pts',(47.597044698272,56.4393572943127,13.3086441826046));
#2355=CARTESIAN_POINT('Ctrl Pts',(47.597044698272,56.4393572943127,1.11031594174058));
#2356=CARTESIAN_POINT('Ctrl Pts',(37.6349752241851,50.0874974462188,20.4504901866833));
#2357=CARTESIAN_POINT('Ctrl Pts',(48.801030030677,50.0874974462188,14.003765438369));
#2358=CARTESIAN_POINT('Ctrl Pts',(48.801030030677,50.0874974462188,1.11031594174058));
#2359=CARTESIAN_POINT('Ctrl Pts',(37.9974511443327,43.3280352070651,21.0783168968993));
#2360=CARTESIAN_POINT('Ctrl Pts',(49.5259818709723,43.3280352070651,14.422316578513));
#2361=CARTESIAN_POINT('Ctrl Pts',(49.5259818709723,43.3280352070651,1.11031594174058));
#2362=CARTESIAN_POINT('Ctrl Pts',(38.123197497644,36.5173290446685,21.296115969701));
#2363=CARTESIAN_POINT('Ctrl Pts',(49.777474577595,36.5173290446685,14.5675159603809));
#2364=CARTESIAN_POINT('Ctrl Pts',(49.777474577595,36.5173290446685,1.11031594174058));
#2365=CARTESIAN_POINT('Ctrl Pts',(38.0227755119551,30.0076154242046,21.1221799882908));
#2366=CARTESIAN_POINT('Ctrl Pts',(49.5766306062171,30.0076154242046,14.4515586394408));
#2367=CARTESIAN_POINT('Ctrl Pts',(49.5766306062171,30.0076154242046,1.11031594174058));
#2368=CARTESIAN_POINT('Ctrl Pts',(37.7118651628139,24.1112920043273,20.5836674669792));
#2369=CARTESIAN_POINT('Ctrl Pts',(48.9548099079346,24.1112920043273,14.0925502918997));
#2370=CARTESIAN_POINT('Ctrl Pts',(48.9548099079346,24.1112920043273,1.11031594174058));
#2371=CARTESIAN_POINT('Ctrl Pts',(37.2088722874185,19.069586298028,19.7124582509492));
#2372=CARTESIAN_POINT('Ctrl Pts',(47.9488241571438,19.069586298028,13.5117441478797));
#2373=CARTESIAN_POINT('Ctrl Pts',(47.9488241571439,19.069586298028,1.11031594174057));
#2374=CARTESIAN_POINT('Ctrl Pts',(36.5323295540801,15.0093000251233,18.5406518633157));
#2375=CARTESIAN_POINT('Ctrl Pts',(46.5957386904671,15.0093000251233,12.7305398894573));
#2376=CARTESIAN_POINT('Ctrl Pts',(46.5957386904671,15.0093000251233,1.11031594174058));
#2377=CARTESIAN_POINT('Ctrl Pts',(35.699314087597,11.935803076199,17.0978267518762));
#2378=CARTESIAN_POINT('Ctrl Pts',(44.9297077575008,11.935803076199,11.768656481831));
#2379=CARTESIAN_POINT('Ctrl Pts',(44.9297077575008,11.935803076199,1.11031594174057));
#2380=CARTESIAN_POINT('Ctrl Pts',(34.7252865041778,9.77769939779491,15.4107614894206));
#2381=CARTESIAN_POINT('Ctrl Pts',(42.9816525906624,9.77769939779491,10.6439463068606));
#2382=CARTESIAN_POINT('Ctrl Pts',(42.9816525906624,9.77769939779491,1.11031594174057));
#2383=CARTESIAN_POINT('Ctrl Pts',(33.6236153456118,8.41889783207182,13.502611069551));
#2384=CARTESIAN_POINT('Ctrl Pts',(40.7783102735305,8.41889783207182,9.37184602694754));
#2385=CARTESIAN_POINT('Ctrl Pts',(40.7783102735305,8.41889783207182,1.11031594174057));
#2386=CARTESIAN_POINT('Ctrl Pts',(32.4053145377877,7.7323440534,11.3924521714975));
#2387=CARTESIAN_POINT('Ctrl Pts',(38.3417086578823,7.7323440534,7.96507342824522));
#2388=CARTESIAN_POINT('Ctrl Pts',(38.3417086578823,7.7323440534,1.11031594174057));
#2389=CARTESIAN_POINT('Ctrl Pts',(31.0786224369961,7.61835824327519,9.09455404692615));
#2390=CARTESIAN_POINT('Ctrl Pts',(35.6883244562991,7.61835824327519,6.43314134519762));
#2391=CARTESIAN_POINT('Ctrl Pts',(35.6883244562991,7.61835824327519,1.11031594174057));
#2392=CARTESIAN_POINT('Ctrl Pts',(29.6490888282465,8.01680575462909,6.61852920544447));
#2393=CARTESIAN_POINT('Ctrl Pts',(32.8292572387998,8.01680575462909,4.78245811754317));
#2394=CARTESIAN_POINT('Ctrl Pts',(32.8292572387998,8.01680575462909,1.11031594174057));
#2395=CARTESIAN_POINT('Ctrl Pts',(28.4258953465892,8.71849943779314,4.49989594772703));
#2396=CARTESIAN_POINT('Ctrl Pts',(30.3828702754853,8.71849943779314,3.37003594573155));
#2397=CARTESIAN_POINT('Ctrl Pts',(30.3828702754853,8.71849943779314,1.11031594174057));
#2398=CARTESIAN_POINT('Ctrl Pts',(27.4644814477643,9.45416705093757,2.83467822785945));
#2399=CARTESIAN_POINT('Ctrl Pts',(28.4600424778355,9.45416705093757,2.25989079915316));
#2400=CARTESIAN_POINT('Ctrl Pts',(28.4600424778355,9.45416705093757,1.11031594174057));
#2401=CARTESIAN_POINT('Ctrl Pts',(26.804026214466,10.0374162020079,1.69073620766197));
#2402=CARTESIAN_POINT('Ctrl Pts',(27.1391320112388,10.0374162020079,1.49726278568817));
#2403=CARTESIAN_POINT('Ctrl Pts',(27.1391320112388,10.0374162020079,1.11031594174057));
#2404=CARTESIAN_POINT('Ctrl Pts',(26.4689204176932,10.3522429143042,1.11031594174057));
#2405=CARTESIAN_POINT('Ctrl Pts',(26.4689204176932,10.3522429143042,1.11031594174057));
#2406=CARTESIAN_POINT('Ctrl Pts',(26.4689204176932,10.3522429143042,1.11031594174057));
#2407=CARTESIAN_POINT('Ctrl Pts',(39.8925011893697,8.28888924304034,2.45979835467563));
#2408=CARTESIAN_POINT('Ctrl Pts',(39.2027952092576,8.11166115903763,4.14729563369658));
#2409=CARTESIAN_POINT('Ctrl Pts',(38.3085724799618,8.02585501359811,5.75897401067892));
#2410=CARTESIAN_POINT('Ctrl Pts',(35.9513129789794,7.93140523949745,9.0091908530346));
#2411=CARTESIAN_POINT('Ctrl Pts',(34.4246676125092,7.93607044407956,10.5848136517044));
#2412=CARTESIAN_POINT('Ctrl Pts',(32.7072865948074,8.00237780856476,11.9154831167217));
#2413=CARTESIAN_POINT('Ctrl Pts',(32.7072865948074,71.9891188490388,11.9154831167217));
#2414=CARTESIAN_POINT('Ctrl Pts',(34.402004715782,72.1887070125653,10.6023734269394));
#2415=CARTESIAN_POINT('Ctrl Pts',(35.9216885254046,72.208967894647,9.03910408863537));
#2416=CARTESIAN_POINT('Ctrl Pts',(38.2964895392274,71.9205411091894,5.78489065186129));
#2417=CARTESIAN_POINT('Ctrl Pts',(39.2019859656724,71.6510323983927,4.14927560253456));
#2418=CARTESIAN_POINT('Ctrl Pts',(39.8925011893695,71.2075066548666,2.4597983546762));
#2419=CARTESIAN_POINT('Ctrl Pts',(25.985814087071,71.5322438259573,-14.0337267311572));
#2420=CARTESIAN_POINT('Ctrl Pts',(25.985814087071,71.5322438259573,-14.0337267311572));
#2421=CARTESIAN_POINT('Ctrl Pts',(25.985814087071,71.5322438259573,-14.0337267311572));
#2422=CARTESIAN_POINT('Ctrl Pts',(26.1322186519534,71.7456878856581,-14.1182534461027));
#2423=CARTESIAN_POINT('Ctrl Pts',(26.0834171303259,71.7456878856581,-14.2027801610482));
#2424=CARTESIAN_POINT('Ctrl Pts',(25.985814087071,71.7456878856581,-14.2027801610482));
#2425=CARTESIAN_POINT('Ctrl Pts',(26.4653794632696,72.1525607916279,-14.3106039301995));
#2426=CARTESIAN_POINT('Ctrl Pts',(26.3055243378701,72.1525607916279,-14.5874811292418));
#2427=CARTESIAN_POINT('Ctrl Pts',(25.985814087071,72.1525607916279,-14.5874811292418));
#2428=CARTESIAN_POINT('Ctrl Pts',(27.0861844807654,72.7028451951348,-14.669025874165));
#2429=CARTESIAN_POINT('Ctrl Pts',(26.7193943495339,72.7028451951348,-15.3043250171727));
#2430=CARTESIAN_POINT('Ctrl Pts',(25.985814087071,72.7028451951348,-15.3043250171727));
#2431=CARTESIAN_POINT('Ctrl Pts',(28.1566081957358,73.3160159350019,-15.2870352941501));
#2432=CARTESIAN_POINT('Ctrl Pts',(27.4330101595142,73.3160159350019,-16.540343857143));
#2433=CARTESIAN_POINT('Ctrl Pts',(25.985814087071,73.3160159350019,-16.540343857143));
#2434=CARTESIAN_POINT('Ctrl Pts',(29.8838774639096,73.8438051646705,-16.2842746710932));
#2435=CARTESIAN_POINT('Ctrl Pts',(28.5845230049634,73.8438051646705,-18.5348226110292));
#2436=CARTESIAN_POINT('Ctrl Pts',(25.985814087071,73.8438051646705,-18.5348226110292));
#2437=CARTESIAN_POINT('Ctrl Pts',(31.9466343824316,74.0190926088793,-17.4752079332747));
#2438=CARTESIAN_POINT('Ctrl Pts',(29.9596942839781,74.0190926088793,-20.9166891353922));
#2439=CARTESIAN_POINT('Ctrl Pts',(25.985814087071,74.0190926088793,-20.9166891353922));
#2440=CARTESIAN_POINT('Ctrl Pts',(34.235311660984,73.6236477041729,-18.7965763761351));
#2441=CARTESIAN_POINT('Ctrl Pts',(31.4854791363463,73.6236477041729,-23.5594260211129));
#2442=CARTESIAN_POINT('Ctrl Pts',(25.985814087071,73.6236477041729,-23.5594260211129));
#2443=CARTESIAN_POINT('Ctrl Pts',(36.6095642768781,72.4039001300931,-20.1673517630457));
#2444=CARTESIAN_POINT('Ctrl Pts',(33.068314213609,72.4039001300931,-26.3009767949341));
#2445=CARTESIAN_POINT('Ctrl Pts',(25.985814087071,72.4039001300931,-26.3009767949341));
#2446=CARTESIAN_POINT('Ctrl Pts',(38.9199681972064,70.1337117618453,-21.501264088384));
#2447=CARTESIAN_POINT('Ctrl Pts',(34.608583493828,70.1337117618453,-28.9688014456108));
#2448=CARTESIAN_POINT('Ctrl Pts',(25.985814087071,70.1337117618453,-28.9688014456108));
#2449=CARTESIAN_POINT('Ctrl Pts',(41.0296816688577,66.6760045247325,-22.7193077291549));
#2450=CARTESIAN_POINT('Ctrl Pts',(36.0150591415955,66.6760045247325,-31.4048887271525));
#2451=CARTESIAN_POINT('Ctrl Pts',(25.985814087071,66.6760045247325,-31.4048887271525));
#2452=CARTESIAN_POINT('Ctrl Pts',(42.8390157676437,62.0563676514359,-23.7639272581429));
#2453=CARTESIAN_POINT('Ctrl Pts',(37.2212818741195,62.0563676514359,-33.4941277851287));
#2454=CARTESIAN_POINT('Ctrl Pts',(25.985814087071,62.0563676514359,-33.4941277851287));
#2455=CARTESIAN_POINT('Ctrl Pts',(44.2833064483671,56.4393572943127,-24.5977888714466));
#2456=CARTESIAN_POINT('Ctrl Pts',(38.1841423279351,56.4393572943127,-35.1618510117361));
#2457=CARTESIAN_POINT('Ctrl Pts',(25.985814087071,56.4393572943127,-35.1618510117361));
#2458=CARTESIAN_POINT('Ctrl Pts',(45.3259883320137,50.0874974462188,-25.1997815376492));
#2459=CARTESIAN_POINT('Ctrl Pts',(38.8792635836995,50.0874974462188,-36.3658363441411));
#2460=CARTESIAN_POINT('Ctrl Pts',(25.985814087071,50.0874974462188,-36.3658363441411));
#2461=CARTESIAN_POINT('Ctrl Pts',(45.9538150422297,43.3280352070651,-25.5622574577968));
#2462=CARTESIAN_POINT('Ctrl Pts',(39.2978147238435,43.3280352070651,-37.0907881844364));
#2463=CARTESIAN_POINT('Ctrl Pts',(25.985814087071,43.3280352070651,-37.0907881844364));
#2464=CARTESIAN_POINT('Ctrl Pts',(46.1716141150314,36.5173290446685,-25.6880038111081));
#2465=CARTESIAN_POINT('Ctrl Pts',(39.4430141057113,36.5173290446685,-37.342280891059));
#2466=CARTESIAN_POINT('Ctrl Pts',(25.985814087071,36.5173290446685,-37.342280891059));
#2467=CARTESIAN_POINT('Ctrl Pts',(45.9976781336213,30.0076154242046,-25.5875818254192));
#2468=CARTESIAN_POINT('Ctrl Pts',(39.3270567847712,30.0076154242046,-37.1414369196812));
#2469=CARTESIAN_POINT('Ctrl Pts',(25.985814087071,30.0076154242046,-37.1414369196812));
#2470=CARTESIAN_POINT('Ctrl Pts',(45.4591656123096,24.1112920043273,-25.2766714762779));
#2471=CARTESIAN_POINT('Ctrl Pts',(38.9680484372301,24.1112920043273,-36.5196162213987));
#2472=CARTESIAN_POINT('Ctrl Pts',(25.985814087071,24.1112920043273,-36.5196162213987));
#2473=CARTESIAN_POINT('Ctrl Pts',(44.5879563962796,19.069586298028,-24.7736786008826));
#2474=CARTESIAN_POINT('Ctrl Pts',(38.3872422932101,19.069586298028,-35.5136304706079));
#2475=CARTESIAN_POINT('Ctrl Pts',(25.985814087071,19.069586298028,-35.5136304706079));
#2476=CARTESIAN_POINT('Ctrl Pts',(43.4161500086461,15.0093000251233,-24.0971358675442));
#2477=CARTESIAN_POINT('Ctrl Pts',(37.6060380347877,15.0093000251233,-34.1605450039312));
#2478=CARTESIAN_POINT('Ctrl Pts',(25.985814087071,15.0093000251233,-34.1605450039312));
#2479=CARTESIAN_POINT('Ctrl Pts',(41.9733248972066,11.935803076199,-23.2641204010611));
#2480=CARTESIAN_POINT('Ctrl Pts',(36.6441546271614,11.935803076199,-32.4945140709649));
#2481=CARTESIAN_POINT('Ctrl Pts',(25.985814087071,11.935803076199,-32.4945140709649));
#2482=CARTESIAN_POINT('Ctrl Pts',(40.286259634751,9.77769939779491,-22.2900928176419));
#2483=CARTESIAN_POINT('Ctrl Pts',(35.519444452191,9.77769939779491,-30.5464589041265));
#2484=CARTESIAN_POINT('Ctrl Pts',(25.985814087071,9.77769939779491,-30.5464589041265));
#2485=CARTESIAN_POINT('Ctrl Pts',(38.3781092148814,8.41889783207182,-21.1884216590759));
#2486=CARTESIAN_POINT('Ctrl Pts',(34.247344172278,8.41889783207182,-28.3431165869945));
#2487=CARTESIAN_POINT('Ctrl Pts',(25.985814087071,8.41889783207182,-28.3431165869945));
#2488=CARTESIAN_POINT('Ctrl Pts',(36.2679503168279,7.7323440534,-19.9701208512518));
#2489=CARTESIAN_POINT('Ctrl Pts',(32.8405715735756,7.7323440534,-25.9065149713464));
#2490=CARTESIAN_POINT('Ctrl Pts',(25.985814087071,7.7323440534,-25.9065149713464));
#2491=CARTESIAN_POINT('Ctrl Pts',(33.9700521922566,7.61835824327519,-18.6434287504602));
#2492=CARTESIAN_POINT('Ctrl Pts',(31.308639490528,7.61835824327519,-23.2531307697631));
#2493=CARTESIAN_POINT('Ctrl Pts',(25.985814087071,7.61835824327519,-23.2531307697631));
#2494=CARTESIAN_POINT('Ctrl Pts',(31.4940273507749,8.01680575462909,-17.2138951417105));
#2495=CARTESIAN_POINT('Ctrl Pts',(29.6579562628736,8.01680575462909,-20.3940635522638));
#2496=CARTESIAN_POINT('Ctrl Pts',(25.985814087071,8.01680575462909,-20.3940635522639));
#2497=CARTESIAN_POINT('Ctrl Pts',(29.3753940930575,8.71849943779314,-15.9907016600533));
#2498=CARTESIAN_POINT('Ctrl Pts',(28.245534091062,8.71849943779314,-17.9476765889493));
#2499=CARTESIAN_POINT('Ctrl Pts',(25.985814087071,8.71849943779314,-17.9476765889493));
#2500=CARTESIAN_POINT('Ctrl Pts',(27.7101763731899,9.45416705093757,-15.0292877612284));
#2501=CARTESIAN_POINT('Ctrl Pts',(27.1353889444836,9.45416705093757,-16.0248487912996));
#2502=CARTESIAN_POINT('Ctrl Pts',(25.985814087071,9.45416705093757,-16.0248487912996));
#2503=CARTESIAN_POINT('Ctrl Pts',(26.5662343529924,10.0374162020079,-14.3688325279301));
#2504=CARTESIAN_POINT('Ctrl Pts',(26.3727609310186,10.0374162020079,-14.7039383247029));
#2505=CARTESIAN_POINT('Ctrl Pts',(25.985814087071,10.0374162020079,-14.7039383247029));
#2506=CARTESIAN_POINT('Ctrl Pts',(25.985814087071,10.3522429143042,-14.0337267311572));
#2507=CARTESIAN_POINT('Ctrl Pts',(25.985814087071,10.3522429143042,-14.0337267311572));
#2508=CARTESIAN_POINT('Ctrl Pts',(25.985814087071,10.3522429143042,-14.0337267311572));
#2509=CARTESIAN_POINT('Ctrl Pts',(27.3352965000061,8.28888924304033,-27.4573075028338));
#2510=CARTESIAN_POINT('Ctrl Pts',(29.0227937790269,8.11166115903764,-26.7676015227216));
#2511=CARTESIAN_POINT('Ctrl Pts',(30.6344721560093,8.02585501359812,-25.873378793426));
#2512=CARTESIAN_POINT('Ctrl Pts',(33.8846889983651,7.93140523949746,-23.5161192924435));
#2513=CARTESIAN_POINT('Ctrl Pts',(35.4603117970348,7.93607044407956,-21.9894739259732));
#2514=CARTESIAN_POINT('Ctrl Pts',(36.7909812620521,8.00237780856476,-20.2720929082715));
#2515=CARTESIAN_POINT('Ctrl Pts',(36.7909812620521,71.9891188490388,-20.2720929082715));
#2516=CARTESIAN_POINT('Ctrl Pts',(35.4778715722697,72.1887070125653,-21.9668110292461));
#2517=CARTESIAN_POINT('Ctrl Pts',(33.9146022339657,72.208967894647,-23.4864948388688));
#2518=CARTESIAN_POINT('Ctrl Pts',(30.6603887971917,71.9205411091894,-25.8612958526915));
#2519=CARTESIAN_POINT('Ctrl Pts',(29.024773747865,71.6510323983927,-26.7667922791364));
#2520=CARTESIAN_POINT('Ctrl Pts',(27.3352965000066,71.2075066548666,-27.4573075028335));
#2521=CARTESIAN_POINT('Ctrl Pts',(15.5538259886156,71.5322438259573,-16.4753111381158));
#2522=CARTESIAN_POINT('Ctrl Pts',(15.5538259886156,71.5322438259573,-16.4753111381158));
#2523=CARTESIAN_POINT('Ctrl Pts',(15.5538259886156,71.5322438259573,-16.4753111381158));
#2524=CARTESIAN_POINT('Ctrl Pts',(15.5538259886156,71.7456878856581,-16.6443645680068));
#2525=CARTESIAN_POINT('Ctrl Pts',(15.4562229453606,71.7456878856581,-16.6443645680068));
#2526=CARTESIAN_POINT('Ctrl Pts',(15.4074214237332,71.7456878856581,-16.5598378530613));
#2527=CARTESIAN_POINT('Ctrl Pts',(15.5538259886156,72.1525607916279,-17.0290655362004));
#2528=CARTESIAN_POINT('Ctrl Pts',(15.2341157378165,72.1525607916279,-17.0290655362004));
#2529=CARTESIAN_POINT('Ctrl Pts',(15.074260612417,72.1525607916279,-16.7521883371581));
#2530=CARTESIAN_POINT('Ctrl Pts',(15.5538259886156,72.7028451951348,-17.7459094241313));
#2531=CARTESIAN_POINT('Ctrl Pts',(14.8202457261527,72.7028451951348,-17.7459094241313));
#2532=CARTESIAN_POINT('Ctrl Pts',(14.4534555949212,72.7028451951348,-17.1106102811236));
#2533=CARTESIAN_POINT('Ctrl Pts',(15.5538259886156,73.3160159350019,-18.9819282641016));
#2534=CARTESIAN_POINT('Ctrl Pts',(14.1066299161724,73.3160159350019,-18.9819282641016));
#2535=CARTESIAN_POINT('Ctrl Pts',(13.3830318799508,73.3160159350019,-17.7286197011087));
#2536=CARTESIAN_POINT('Ctrl Pts',(15.5538259886156,73.8438051646705,-20.9764070179878));
#2537=CARTESIAN_POINT('Ctrl Pts',(12.9551170707232,73.8438051646705,-20.9764070179878));
#2538=CARTESIAN_POINT('Ctrl Pts',(11.655762611777,73.8438051646705,-18.7258590780518));
#2539=CARTESIAN_POINT('Ctrl Pts',(15.5538259886156,74.0190926088793,-23.3582735423508));
#2540=CARTESIAN_POINT('Ctrl Pts',(11.5799457917085,74.0190926088793,-23.3582735423508));
#2541=CARTESIAN_POINT('Ctrl Pts',(9.59300569325493,74.0190926088793,-19.9167923402333));
#2542=CARTESIAN_POINT('Ctrl Pts',(15.5538259886156,73.6236477041729,-26.0010104280715));
#2543=CARTESIAN_POINT('Ctrl Pts',(10.0541609393402,73.6236477041729,-26.0010104280715));
#2544=CARTESIAN_POINT('Ctrl Pts',(7.30432841470258,73.6236477041729,-21.2381607830937));
#2545=CARTESIAN_POINT('Ctrl Pts',(15.5538259886156,72.4039001300931,-28.7425612018928));
#2546=CARTESIAN_POINT('Ctrl Pts',(8.47132586207754,72.4039001300931,-28.7425612018928));
#2547=CARTESIAN_POINT('Ctrl Pts',(4.93007579880851,72.4039001300931,-22.6089361700043));
#2548=CARTESIAN_POINT('Ctrl Pts',(15.5538259886156,70.1337117618453,-31.4103858525694));
#2549=CARTESIAN_POINT('Ctrl Pts',(6.93105658185864,70.1337117618453,-31.4103858525694));
#2550=CARTESIAN_POINT('Ctrl Pts',(2.61967187848016,70.1337117618453,-23.9428484953426));
#2551=CARTESIAN_POINT('Ctrl Pts',(15.5538259886156,66.6760045247325,-33.8464731341111));
#2552=CARTESIAN_POINT('Ctrl Pts',(5.52458093409114,66.6760045247325,-33.8464731341111));
#2553=CARTESIAN_POINT('Ctrl Pts',(0.509958406828913,66.6760045247325,-25.1608921361135));
#2554=CARTESIAN_POINT('Ctrl Pts',(15.5538259886156,62.0563676514359,-35.9357121920873));
#2555=CARTESIAN_POINT('Ctrl Pts',(4.3183582015671,62.0563676514359,-35.9357121920873));
#2556=CARTESIAN_POINT('Ctrl Pts',(-1.29937569195715,62.0563676514359,-26.2055116651016));
#2557=CARTESIAN_POINT('Ctrl Pts',(15.5538259886156,56.4393572943127,-37.6034354186947));
#2558=CARTESIAN_POINT('Ctrl Pts',(3.35549774775154,56.4393572943127,-37.6034354186947));
#2559=CARTESIAN_POINT('Ctrl Pts',(-2.7436663726805,56.4393572943127,-27.0393732784053));
#2560=CARTESIAN_POINT('Ctrl Pts',(15.5538259886156,50.0874974462188,-38.8074207510997));
#2561=CARTESIAN_POINT('Ctrl Pts',(2.66037649198712,50.0874974462188,-38.8074207510997));
#2562=CARTESIAN_POINT('Ctrl Pts',(-3.78634825632711,50.0874974462188,-27.6413659446078));
#2563=CARTESIAN_POINT('Ctrl Pts',(15.5538259886156,43.3280352070651,-39.532372591395));
#2564=CARTESIAN_POINT('Ctrl Pts',(2.24182535184314,43.3280352070651,-39.532372591395));
#2565=CARTESIAN_POINT('Ctrl Pts',(-4.41417496654309,43.3280352070651,-28.0038418647554));
#2566=CARTESIAN_POINT('Ctrl Pts',(15.5538259886156,36.5173290446685,-39.7838652980176));
#2567=CARTESIAN_POINT('Ctrl Pts',(2.09662596997532,36.5173290446685,-39.7838652980176));
#2568=CARTESIAN_POINT('Ctrl Pts',(-4.63197403934481,36.5173290446685,-28.1295882180667));
#2569=CARTESIAN_POINT('Ctrl Pts',(15.5538259886156,30.0076154242046,-39.5830213266398));
#2570=CARTESIAN_POINT('Ctrl Pts',(2.21258329091542,30.0076154242046,-39.5830213266398));
#2571=CARTESIAN_POINT('Ctrl Pts',(-4.45803805793467,30.0076154242046,-28.0291662323778));
#2572=CARTESIAN_POINT('Ctrl Pts',(15.5538259886156,24.1112920043273,-38.9612006283573));
#2573=CARTESIAN_POINT('Ctrl Pts',(2.57159163845653,24.1112920043273,-38.9612006283573));
#2574=CARTESIAN_POINT('Ctrl Pts',(-3.91952553662301,24.1112920043273,-27.7182558832366));
#2575=CARTESIAN_POINT('Ctrl Pts',(15.5538259886156,19.069586298028,-37.9552148775665));
#2576=CARTESIAN_POINT('Ctrl Pts',(3.15239778247649,19.069586298028,-37.9552148775665));
#2577=CARTESIAN_POINT('Ctrl Pts',(-3.04831632059306,19.069586298028,-27.2152630078412));
#2578=CARTESIAN_POINT('Ctrl Pts',(15.5538259886156,15.0093000251233,-36.6021294108898));
#2579=CARTESIAN_POINT('Ctrl Pts',(3.93360204089886,15.0093000251233,-36.6021294108898));
#2580=CARTESIAN_POINT('Ctrl Pts',(-1.87650993295951,15.0093000251233,-26.5387202745028));
#2581=CARTESIAN_POINT('Ctrl Pts',(15.5538259886156,11.935803076199,-34.9360984779235));
#2582=CARTESIAN_POINT('Ctrl Pts',(4.8954854485252,11.935803076199,-34.9360984779235));
#2583=CARTESIAN_POINT('Ctrl Pts',(-0.433684821519995,11.935803076199,-25.7057048080197));
#2584=CARTESIAN_POINT('Ctrl Pts',(15.5538259886156,9.77769939779491,-32.9880433110851));
#2585=CARTESIAN_POINT('Ctrl Pts',(6.0201956234956,9.77769939779491,-32.9880433110851));
#2586=CARTESIAN_POINT('Ctrl Pts',(1.2533804409356,9.77769939779491,-24.7316772246005));
#2587=CARTESIAN_POINT('Ctrl Pts',(15.5538259886156,8.41889783207182,-30.7847009939531));
#2588=CARTESIAN_POINT('Ctrl Pts',(7.29229590340863,8.41889783207182,-30.7847009939531));
#2589=CARTESIAN_POINT('Ctrl Pts',(3.16153086080514,8.41889783207182,-23.6300060660345));
#2590=CARTESIAN_POINT('Ctrl Pts',(15.5538259886156,7.7323440534,-28.348099378305));
#2591=CARTESIAN_POINT('Ctrl Pts',(8.69906850211096,7.7323440534,-28.348099378305));
#2592=CARTESIAN_POINT('Ctrl Pts',(5.27168975885863,7.7323440534,-22.4117052582104));
#2593=CARTESIAN_POINT('Ctrl Pts',(15.5538259886156,7.61835824327519,-25.6947151767218));
#2594=CARTESIAN_POINT('Ctrl Pts',(10.2310005851585,7.61835824327519,-25.6947151767218));
#2595=CARTESIAN_POINT('Ctrl Pts',(7.56958788343002,7.61835824327519,-21.0850131574188));
#2596=CARTESIAN_POINT('Ctrl Pts',(15.5538259886156,8.01680575462909,-22.8356479592225));
#2597=CARTESIAN_POINT('Ctrl Pts',(11.881683812813,8.01680575462909,-22.8356479592225));
#2598=CARTESIAN_POINT('Ctrl Pts',(10.0456127249117,8.01680575462909,-19.6554795486691));
#2599=CARTESIAN_POINT('Ctrl Pts',(15.5538259886156,8.71849943779314,-20.389260995908));
#2600=CARTESIAN_POINT('Ctrl Pts',(13.2941059846246,8.71849943779314,-20.389260995908));
#2601=CARTESIAN_POINT('Ctrl Pts',(12.1642459826291,8.71849943779314,-18.4322860670119));
#2602=CARTESIAN_POINT('Ctrl Pts',(15.5538259886156,9.45416705093757,-18.4664331982582));
#2603=CARTESIAN_POINT('Ctrl Pts',(14.404251131203,9.45416705093757,-18.4664331982582));
#2604=CARTESIAN_POINT('Ctrl Pts',(13.8294637024967,9.45416705093757,-17.470872168187));
#2605=CARTESIAN_POINT('Ctrl Pts',(15.5538259886156,10.0374162020079,-17.1455227316615));
#2606=CARTESIAN_POINT('Ctrl Pts',(15.166879144668,10.0374162020079,-17.1455227316615));
#2607=CARTESIAN_POINT('Ctrl Pts',(14.9734057226942,10.0374162020079,-16.8104169348887));
#2608=CARTESIAN_POINT('Ctrl Pts',(15.5538259886156,10.3522429143042,-16.4753111381158));
#2609=CARTESIAN_POINT('Ctrl Pts',(15.5538259886156,10.3522429143042,-16.4753111381158));
#2610=CARTESIAN_POINT('Ctrl Pts',(15.5538259886156,10.3522429143042,-16.4753111381158));
#2611=CARTESIAN_POINT('Ctrl Pts',(4.60340523705893,8.28888924304033,-24.3557875755162));
#2612=CARTESIAN_POINT('Ctrl Pts',(6.04445677648853,8.11166115903764,-25.4723500979094));
#2613=CARTESIAN_POINT('Ctrl Pts',(7.62471556519121,8.02585501359812,-26.4209931504583));
#2614=CARTESIAN_POINT('Ctrl Pts',(11.2912705975321,7.93140523949746,-28.0571337532552));
#2615=CARTESIAN_POINT('Ctrl Pts',(13.4011956668001,7.93607044407956,-28.65834044045));
#2616=CARTESIAN_POINT('Ctrl Pts',(15.5538259886156,8.00237780856476,-28.9520434923444));
#2617=CARTESIAN_POINT('Ctrl Pts',(15.5538259886156,71.9891188490388,-28.9520434923444));
#2618=CARTESIAN_POINT('Ctrl Pts',(13.4296021987066,72.1887070125653,-28.6622162035246));
#2619=CARTESIAN_POINT('Ctrl Pts',(11.3318827447015,72.208967894647,-28.0682271484074));
#2620=CARTESIAN_POINT('Ctrl Pts',(7.64813801941089,71.9205411091894,-26.4373961497358));
#2621=CARTESIAN_POINT('Ctrl Pts',(6.04614758641018,71.6510323983927,-25.4736601794292));
#2622=CARTESIAN_POINT('Ctrl Pts',(4.60340523705942,71.2075066548666,-24.3557875755166));
#2623=CARTESIAN_POINT('Origin',(18.6553459159332,6.01617638926873E-16,-6.22015222939724));
#2624=CARTESIAN_POINT('',(-4.28715408406682,80.845,-6.22015222939725));
#2625=CARTESIAN_POINT('Origin',(18.6553459159332,80.845,-6.22015222939724));
#2626=CARTESIAN_POINT('',(-4.28715408406682,6.01617638926873E-16,-6.22015222939724));
#2627=CARTESIAN_POINT('Origin',(18.6553459159332,8.303,-6.22015222939724));
#2628=CARTESIAN_POINT('Origin',(18.6553459159332,6.01617638926873E-16,-6.22015222939724));
#2629=CARTESIAN_POINT('',(0.738345915933175,80.845,-6.22015222939725));
#2630=CARTESIAN_POINT('',(0.738345915933176,6.01617638926873E-16,-6.22015222939724));
#2631=CARTESIAN_POINT('Origin',(18.6553459159332,80.845,-6.22015222939724));
#2632=CARTESIAN_POINT('Origin',(18.6553459159332,3.2775,-6.22015222939724));
#2633=CARTESIAN_POINT('',(-4.28715408406682,3.2775,-6.22015222939724));
#2634=CARTESIAN_POINT('Origin',(18.6553459159332,3.2775,-6.22015222939724));
#2635=CARTESIAN_POINT('Origin',(18.6553459159332,6.01617638926873E-16,-6.22015222939724));
#2636=CARTESIAN_POINT('',(-4.28715408406682,6.01617638926873E-16,-6.22015222939724));
#2637=CARTESIAN_POINT('Origin',(18.6553459159332,80.845,-6.22015222939724));
#2638=CARTESIAN_POINT('Origin',(18.6561263289519,109.25,-6.03620074339489));
#2639=CARTESIAN_POINT('',(-0.750897409310585,109.25,-6.03620074339488));
#2640=CARTESIAN_POINT('Origin',(18.6561263289519,109.25,-6.03620074339489));
#2641=CARTESIAN_POINT('',(12.9168450538061,109.25,-6.54460987769207));
#2642=CARTESIAN_POINT('Origin',(18.6551847157956,109.25,-6.22005474120301));
#2643=CARTESIAN_POINT('Origin',(18.6561263289519,109.25,-6.03620074339489));
#2644=CARTESIAN_POINT('',(1.43410259068941,111.435,-6.03620074339489));
#2645=CARTESIAN_POINT('Origin',(18.6561263289519,111.435,-6.03620074339489));
#2646=CARTESIAN_POINT('',(1.43410259068941,120.175,-6.03620074339489));
#2647=CARTESIAN_POINT('',(1.43410259068941,109.25,-6.03620074339488));
#2648=CARTESIAN_POINT('Origin',(18.6561263289519,120.175,-6.03620074339489));
#2649=CARTESIAN_POINT('Origin',(18.6561263289519,111.435,-6.03620074339489));
#2650=CARTESIAN_POINT('Origin',(18.6561263289519,109.25,-6.03620074339489));
#2651=CARTESIAN_POINT('',(-0.750897409310585,120.175,-6.03620074339488));
#2652=CARTESIAN_POINT('Origin',(18.6561263289519,120.175,-6.03620074339489));
#2653=CARTESIAN_POINT('',(-0.750897409310587,109.25,-6.03620074339488));
#2654=CARTESIAN_POINT('Origin',(18.6561263289519,120.175,-6.03620074339489));
#2655=CARTESIAN_POINT('Origin',(18.6551249721149,80.845,-6.22029238742407));
#2656=CARTESIAN_POINT('',(1.17512497211487,67.735,-6.22029238742407));
#2657=CARTESIAN_POINT('Origin',(18.6551249721149,67.735,-6.22029238742407));
#2658=CARTESIAN_POINT('',(1.17512497211487,80.845,-6.22029238742407));
#2659=CARTESIAN_POINT('',(1.17512497211487,80.845,-6.22029238742407));
#2660=CARTESIAN_POINT('',(1.17903092836729,80.845,-6.58980148621664));
#2661=CARTESIAN_POINT('Origin',(18.6551249721149,80.845,-6.22029238742407));
#2662=CARTESIAN_POINT('Origin',(18.6551249721149,80.845,-6.22029238742407));
#2663=CARTESIAN_POINT('Origin',(18.6551249721149,67.735,-6.22029238742407));
#2664=CARTESIAN_POINT('Ctrl Pts',(1.17903092836729,80.845,-6.58980148621664));
#2665=CARTESIAN_POINT('Ctrl Pts',(2.4484722577016,82.0621683246234,-6.71089347614085));
#2666=CARTESIAN_POINT('Ctrl Pts',(4.81238923753115,84.5298607811767,-6.92272765742164));
#2667=CARTESIAN_POINT('Ctrl Pts',(8.82469130394261,89.6016561269595,-7.22227882755617));
#2668=CARTESIAN_POINT('Ctrl Pts',(11.582819459858,94.91254969803,-7.30427918541912));
#2669=CARTESIAN_POINT('Ctrl Pts',(12.8943725251244,100.499221240612,-7.13535454529121));
#2670=CARTESIAN_POINT('Ctrl Pts',(13.2417261615819,104.810532531537,-6.89828561479575));
#2671=CARTESIAN_POINT('Ctrl Pts',(13.0858543308917,107.758602571831,-6.67303360102888));
#2672=CARTESIAN_POINT('Ctrl Pts',(12.9168450538061,109.25,-6.54460987769207));
#2673=CARTESIAN_POINT('Ctrl Pts',(1.14085680079788,80.845,-4.78433946749761));
#2674=CARTESIAN_POINT('Ctrl Pts',(2.41055571393122,82.0621683246234,-4.96381995628174));
#2675=CARTESIAN_POINT('Ctrl Pts',(4.77494408395384,84.5298607811767,-5.29243660540735));
#2676=CARTESIAN_POINT('Ctrl Pts',(8.78831752386984,89.6016561269595,-5.82553664311533));
#2677=CARTESIAN_POINT('Ctrl Pts',(11.5474590783605,94.91254969803,-6.1410931127022));
#2678=CARTESIAN_POINT('Ctrl Pts',(12.8600861305551,100.499221240612,-6.20571701359221));
#2679=CARTESIAN_POINT('Ctrl Pts',(13.208243982263,104.810532531537,-6.14380964816868));
#2680=CARTESIAN_POINT('Ctrl Pts',(13.052831879303,107.758602571831,-6.0353415595082));
#2681=CARTESIAN_POINT('Ctrl Pts',(12.8840801860165,109.25,-5.9653063350313));
#2682=CARTESIAN_POINT('Ctrl Pts',(1.62861875703874,80.845,-1.13094102663278));
#2683=CARTESIAN_POINT('Ctrl Pts',(2.84844118910735,82.0469102110383,-1.40124959329458));
#2684=CARTESIAN_POINT('Ctrl Pts',(5.12347268233605,84.4903359087069,-1.92780077250433));
#2685=CARTESIAN_POINT('Ctrl Pts',(8.99638969125478,89.5387590943583,-2.91027730099753));
#2686=CARTESIAN_POINT('Ctrl Pts',(11.6728265762022,94.8638698831574,-3.73784898120746));
#2687=CARTESIAN_POINT('Ctrl Pts',(12.9553150723345,100.472889037942,-4.3117718130321));
#2688=CARTESIAN_POINT('Ctrl Pts',(13.3019802131081,104.799127807493,-4.6152353149156));
#2689=CARTESIAN_POINT('Ctrl Pts',(13.1563113577433,107.755160434,-4.73269038308391));
#2690=CARTESIAN_POINT('Ctrl Pts',(12.9943766032872,109.25,-4.76971117441108));
#2691=CARTESIAN_POINT('Ctrl Pts',(4.05294062967217,80.8450000000001,3.92037097949548));
#2692=CARTESIAN_POINT('Ctrl Pts',(5.07700838335292,81.9874035680562,3.58310432350155));
#2693=CARTESIAN_POINT('Ctrl Pts',(6.9933404327405,84.3361889060749,2.86783224199972));
#2694=CARTESIAN_POINT('Ctrl Pts',(10.2767370722283,89.2934606672132,1.32442183523087));
#2695=CARTESIAN_POINT('Ctrl Pts',(12.5691625979116,94.6740186051546,-0.285969628406396));
#2696=CARTESIAN_POINT('Ctrl Pts',(13.6793478387758,100.370193447532,-1.63952461952026));
#2697=CARTESIAN_POINT('Ctrl Pts',(13.9888882821406,104.754649383719,-2.47420763932155));
#2698=CARTESIAN_POINT('Ctrl Pts',(13.8709748631668,107.741736096459,-2.88955691897035));
#2699=CARTESIAN_POINT('Ctrl Pts',(13.734389767914,109.25,-3.05682475754259));
#2700=CARTESIAN_POINT('Ctrl Pts',(7.97551177819229,80.845,7.99765752456685));
#2701=CARTESIAN_POINT('Ctrl Pts',(8.7131198858921,81.9004323206207,7.65415407468308));
#2702=CARTESIAN_POINT('Ctrl Pts',(10.097414540406,84.1108971329973,6.85862013489309));
#2703=CARTESIAN_POINT('Ctrl Pts',(12.4838150469551,88.9349475813856,4.92128241342516));
#2704=CARTESIAN_POINT('Ctrl Pts',(14.161503332921,94.3965436603811,2.62424011471401));
#2705=CARTESIAN_POINT('Ctrl Pts',(14.972466532418,100.220099892317,0.578104792537047));
#2706=CARTESIAN_POINT('Ctrl Pts',(15.2012067557826,104.689642456666,-0.713552714341193));
#2707=CARTESIAN_POINT('Ctrl Pts',(15.1160570373196,107.722115910822,-1.36870659104828));
#2708=CARTESIAN_POINT('Ctrl Pts',(15.0161647894883,109.25,-1.63471046969082));
#2709=CARTESIAN_POINT('Ctrl Pts',(13.0169734933864,80.845,10.6473173127979));
#2710=CARTESIAN_POINT('Ctrl Pts',(13.4076519767099,81.7951513368831,10.3497356324244));
#2711=CARTESIAN_POINT('Ctrl Pts',(14.1420707539293,83.838175512956,9.57960903329874));
#2712=CARTESIAN_POINT('Ctrl Pts',(15.4146741716917,88.5009580564366,7.45542161714749));
#2713=CARTESIAN_POINT('Ctrl Pts',(16.3059683524996,94.0606529377607,4.65740567321204));
#2714=CARTESIAN_POINT('Ctrl Pts',(16.717143922578,100.0384076939,2.08974922406684));
#2715=CARTESIAN_POINT('Ctrl Pts',(16.8271020675131,104.610949860759,0.462419984754545));
#2716=CARTESIAN_POINT('Ctrl Pts',(16.775809229033,107.698365159789,-0.360468216523124));
#2717=CARTESIAN_POINT('Ctrl Pts',(16.720171954102,109.25,-0.692523097347478));
#2718=CARTESIAN_POINT('Ctrl Pts',(18.6548598312736,80.845,11.5656494676748));
#2719=CARTESIAN_POINT('Ctrl Pts',(18.6683737010231,81.6807154849944,11.3575853881697));
#2720=CARTESIAN_POINT('Ctrl Pts',(18.6931224875948,83.5417389694329,10.7120665001054));
#2721=CARTESIAN_POINT('Ctrl Pts',(18.7402795410802,88.0292303119267,8.62960743770955));
#2722=CARTESIAN_POINT('Ctrl Pts',(18.7540680618429,93.6955543262167,5.57762147814917));
#2723=CARTESIAN_POINT('Ctrl Pts',(18.7107309537505,99.8409161738803,2.71841833142342));
#2724=CARTESIAN_POINT('Ctrl Pts',(18.6804821952613,104.525414430425,0.909847973076984));
#2725=CARTESIAN_POINT('Ctrl Pts',(18.6626719529456,107.672549126056,0.00162963538289304));
#2726=CARTESIAN_POINT('Ctrl Pts',(18.6550707136544,109.25,-0.362617179021052));
#2727=CARTESIAN_POINT('Ctrl Pts',(24.2960837249747,80.845,10.6479417371356));
#2728=CARTESIAN_POINT('Ctrl Pts',(23.9324329811502,81.5662796331057,10.5644283578148));
#2729=CARTESIAN_POINT('Ctrl Pts',(23.2476813641228,83.2453024259097,10.131549978875));
#2730=CARTESIAN_POINT('Ctrl Pts',(22.0687632062191,87.5575025674169,8.31833793167333));
#2731=CARTESIAN_POINT('Ctrl Pts',(21.2045406796173,93.3304557146727,5.28612625527511));
#2732=CARTESIAN_POINT('Ctrl Pts',(20.7059080732947,99.6434246538609,2.39373167138344));
#2733=CARTESIAN_POINT('Ctrl Pts',(20.5349768529496,104.439879000091,0.574559513975759));
#2734=CARTESIAN_POINT('Ctrl Pts',(20.5508855746298,107.646733092323,-0.33096167554293));
#2735=CARTESIAN_POINT('Ctrl Pts',(20.5913203709784,109.25,-0.692367324210517));
#2736=CARTESIAN_POINT('Ctrl Pts',(29.3315043332007,80.845,7.99745706655608));
#2737=CARTESIAN_POINT('Ctrl Pts',(28.6209239649999,81.460998649368,8.06496475469347));
#2738=CARTESIAN_POINT('Ctrl Pts',(27.2861867892873,82.9725808058684,7.91704438260734));
#2739=CARTESIAN_POINT('Ctrl Pts',(24.9944280557544,87.1235130424678,6.5770233296367));
#2740=CARTESIAN_POINT('Ctrl Pts',(23.3448064181842,92.9945649920522,3.83076969570209));
#2741=CARTESIAN_POINT('Ctrl Pts',(22.4476105981926,99.461732455443,1.16147784620826));
#2742=CARTESIAN_POINT('Ctrl Pts',(22.1586187064923,104.361186404184,-0.498335706710757));
#2743=CARTESIAN_POINT('Ctrl Pts',(22.2082061589083,107.622982341289,-1.31203749460068));
#2744=CARTESIAN_POINT('Ctrl Pts',(22.2928959281573,109.25,-1.63439484750223));
#2745=CARTESIAN_POINT('Ctrl Pts',(34.5755417493404,80.845,2.56159766287882));
#2746=CARTESIAN_POINT('Ctrl Pts',(33.4830151864983,81.3450369861208,2.85434362126941));
#2747=CARTESIAN_POINT('Ctrl Pts',(31.4390255842811,82.6721917750983,3.15520160148232));
#2748=CARTESIAN_POINT('Ctrl Pts',(27.9491744246578,86.6454955946979,2.65521868770595));
#2749=CARTESIAN_POINT('Ctrl Pts',(25.4775536658874,92.624598399021,0.586819280497357));
#2750=CARTESIAN_POINT('Ctrl Pts',(24.1786850985068,99.2616077151567,-1.48851403643983));
#2751=CARTESIAN_POINT('Ctrl Pts',(23.7803790128745,104.274510501446,-2.73367018376839));
#2752=CARTESIAN_POINT('Ctrl Pts',(23.8739078025651,107.596822093774,-3.31133093325202));
#2753=CARTESIAN_POINT('Ctrl Pts',(24.0075213683761,109.25,-3.53178234414097));
#2754=CARTESIAN_POINT('Ctrl Pts',(36.2128720647829,80.845,-2.97864454937999));
#2755=CARTESIAN_POINT('Ctrl Pts',(34.9699433073495,81.2992626453653,-2.50295253351506));
#2756=CARTESIAN_POINT('Ctrl Pts',(32.6545712911679,82.553617157689,-1.82396106385248));
#2757=CARTESIAN_POINT('Ctrl Pts',(28.7336848569281,86.4568044968939,-1.55409529635475));
#2758=CARTESIAN_POINT('Ctrl Pts',(26.0001735688556,92.4785589544034,-2.88359448090688));
#2759=CARTESIAN_POINT('Ctrl Pts',(24.5988089888926,99.1826111071489,-4.26426641520088));
#2760=CARTESIAN_POINT('Ctrl Pts',(24.1887806969666,104.240296329312,-5.01705263032582));
#2761=CARTESIAN_POINT('Ctrl Pts',(24.3081353079048,107.586495680281,-5.30052736765002));
#2762=CARTESIAN_POINT('Ctrl Pts',(24.46142693881,109.25,-5.38671653484381));
#2763=CARTESIAN_POINT('Ctrl Pts',(36.058312089761,80.845,-10.202754159846));
#2764=CARTESIAN_POINT('Ctrl Pts',(34.8164136675238,81.2992626453653,-9.49350814854143));
#2765=CARTESIAN_POINT('Ctrl Pts',(32.503157216529,82.553617157689,-8.34741369246463));
#2766=CARTESIAN_POINT('Ctrl Pts',(28.5864087756391,86.4568044968939,-7.14272115965398));
#2767=CARTESIAN_POINT('Ctrl Pts',(25.8571228380433,92.4785589544034,-7.53726976229537));
#2768=CARTESIAN_POINT('Ctrl Pts',(24.4599138267166,99.1826111071489,-7.98292908002009));
#2769=CARTESIAN_POINT('Ctrl Pts',(24.0529883546528,104.240296329312,-8.03459350589124));
#2770=CARTESIAN_POINT('Ctrl Pts',(24.1744700234964,107.586495680281,-7.8509944549058));
#2771=CARTESIAN_POINT('Ctrl Pts',(24.3287919895977,109.25,-7.70362962665992));
#2772=CARTESIAN_POINT('Ctrl Pts',(34.204867775887,80.845,-15.5699284894731));
#2773=CARTESIAN_POINT('Ctrl Pts',(33.1139897493589,81.3450369861208,-14.7633637411152));
#2774=CARTESIAN_POINT('Ctrl Pts',(31.0738951552191,82.6721917750982,-13.375033403752));
#2775=CARTESIAN_POINT('Ctrl Pts',(27.59365236423,86.6454955946978,-11.5291799335018));
#2776=CARTESIAN_POINT('Ctrl Pts',(25.1332011893278,92.6245983990209,-11.097896055217));
#2777=CARTESIAN_POINT('Ctrl Pts',(23.8449996882355,99.2616077151567,-10.7248389337744));
#2778=CARTESIAN_POINT('Ctrl Pts',(23.4539001760764,104.274510501446,-10.2106179681953));
#2779=CARTESIAN_POINT('Ctrl Pts',(23.5513189182165,107.596822093774,-9.70080337968639));
#2780=CARTESIAN_POINT('Ctrl Pts',(23.6865810203413,109.25,-9.40743600060807));
#2781=CARTESIAN_POINT('Ctrl Pts',(28.971751869082,80.845,-20.6767598283091));
#2782=CARTESIAN_POINT('Ctrl Pts',(28.2625315433402,81.460998649368,-19.8618793547648));
#2783=CARTESIAN_POINT('Ctrl Pts',(26.9311117153422,82.9725808058684,-18.3680312436846));
#2784=CARTESIAN_POINT('Ctrl Pts',(24.6479522712738,87.1235130424678,-16.0058090821689));
#2785=CARTESIAN_POINT('Ctrl Pts',(23.0085212966754,92.9945649920522,-14.6720531165709));
#2786=CARTESIAN_POINT('Ctrl Pts',(22.1210276702713,99.461732455443,-13.3874785912494));
#2787=CARTESIAN_POINT('Ctrl Pts',(21.8384859428302,104.361186404184,-12.2706134043065));
#2788=CARTESIAN_POINT('Ctrl Pts',(21.8913788755668,107.622982341289,-11.4424842195204));
#2789=CARTESIAN_POINT('Ctrl Pts',(21.9774286872747,109.25,-11.017468787015));
#2790=CARTESIAN_POINT('Ctrl Pts',(22.4428518156569,80.845,-23.9698814265136));
#2791=CARTESIAN_POINT('Ctrl Pts',(22.1954212676677,81.6013732943515,-23.216229978983));
#2792=CARTESIAN_POINT('Ctrl Pts',(21.7288140634175,83.3362096325901,-21.7571251167158));
#2793=CARTESIAN_POINT('Ctrl Pts',(20.9247716823223,87.7021657423999,-19.1493161147531));
#2794=CARTESIAN_POINT('Ctrl Pts',(20.3271280865877,93.4424192888795,-17.1532273551896));
#2795=CARTESIAN_POINT('Ctrl Pts',(19.9658497400163,99.7039887200002,-15.1781200477364));
#2796=CARTESIAN_POINT('Ctrl Pts',(19.8372188329708,104.466109865394,-13.6163503217217));
#2797=CARTESIAN_POINT('Ctrl Pts',(19.8433827222424,107.654650009335,-12.5654726953538));
#2798=CARTESIAN_POINT('Ctrl Pts',(19.8696428486674,109.25,-12.0523892599393));
#2799=CARTESIAN_POINT('Ctrl Pts',(12.9699297511929,80.845,-23.9746804148252));
#2800=CARTESIAN_POINT('Ctrl Pts',(13.3748602475505,81.7997287709587,-23.406554828207));
#2801=CARTESIAN_POINT('Ctrl Pts',(14.1371835386281,83.8500329746969,-22.2397864762664));
#2802=CARTESIAN_POINT('Ctrl Pts',(15.4611626325065,88.519827166217,-19.9007318390797));
#2803=CARTESIAN_POINT('Ctrl Pts',(16.3929520097625,94.0752568822224,-17.7008362722318));
#2804=CARTESIAN_POINT('Ctrl Pts',(16.826679510889,100.0463073547,-15.4433121211052));
#2805=CARTESIAN_POINT('Ctrl Pts',(16.9440141127685,104.614371277972,-13.7147075524768));
#2806=CARTESIAN_POINT('Ctrl Pts',(16.8909028398078,107.699397801138,-12.5923164397167));
#2807=CARTESIAN_POINT('Ctrl Pts',(16.8325095519424,109.25,-12.0537956721714));
#2808=CARTESIAN_POINT('Ctrl Pts',(3.7175616539399,80.845,-17.3614279575501));
#2809=CARTESIAN_POINT('Ctrl Pts',(4.7851272880641,82.0011358702828,-17.121814873122));
#2810=CARTESIAN_POINT('Ctrl Pts',(6.78430641860929,84.3717612912976,-16.5973744416063));
#2811=CARTESIAN_POINT('Ctrl Pts',(10.2136882675982,89.3500679965543,-15.4080752087808));
#2812=CARTESIAN_POINT('Ctrl Pts',(12.6134801526567,94.7178304385398,-14.0457302000205));
#2813=CARTESIAN_POINT('Ctrl Pts',(13.7792441693652,100.393892429935,-12.4899819091439));
#2814=CARTESIAN_POINT('Ctrl Pts',(14.1048084453311,104.764913635359,-11.2496242512141));
#2815=CARTESIAN_POINT('Ctrl Pts',(13.980559203599,107.744834020507,-10.4001359176674));
#2816=CARTESIAN_POINT('Ctrl Pts',(13.836447910884,109.25,-9.97591887168388));
#2817=CARTESIAN_POINT('Ctrl Pts',(1.25537918350613,80.845,-10.2007255236547));
#2818=CARTESIAN_POINT('Ctrl Pts',(2.52430534524235,82.0621683246234,-10.2050405158591));
#2819=CARTESIAN_POINT('Ctrl Pts',(4.88655572824485,84.5298607811767,-10.1832603260488));
#2820=CARTESIAN_POINT('Ctrl Pts',(8.89739357581272,89.6016561269596,-10.0157601033276));
#2821=CARTESIAN_POINT('Ctrl Pts',(11.6532149041692,94.91254969803,-9.63062911215387));
#2822=CARTESIAN_POINT('Ctrl Pts',(12.9633417341397,100.499221240612,-8.99465668347589));
#2823=CARTESIAN_POINT('Ctrl Pts',(13.3096071640397,104.810532531537,-8.40730015322519));
#2824=CARTESIAN_POINT('Ctrl Pts',(13.1518992340689,107.758602571831,-7.94841768407027));
#2825=CARTESIAN_POINT('Ctrl Pts',(12.9823747893853,109.25,-7.70321696301362));
#2826=CARTESIAN_POINT('Ctrl Pts',(1.1790309283673,80.845,-6.58980148621667));
#2827=CARTESIAN_POINT('Ctrl Pts',(2.4484722577016,82.0621683246234,-6.71089347614088));
#2828=CARTESIAN_POINT('Ctrl Pts',(4.81238923753115,84.5298607811767,-6.92272765742166));
#2829=CARTESIAN_POINT('Ctrl Pts',(8.82469130394262,89.6016561269595,-7.2222788275562));
#2830=CARTESIAN_POINT('Ctrl Pts',(11.582819459858,94.91254969803,-7.30427918541913));
#2831=CARTESIAN_POINT('Ctrl Pts',(12.8943725251244,100.499221240612,-7.13535454529122));
#2832=CARTESIAN_POINT('Ctrl Pts',(13.2417261615819,104.810532531537,-6.89828561479576));
#2833=CARTESIAN_POINT('Ctrl Pts',(13.0858543308917,107.758602571831,-6.67303360102889));
#2834=CARTESIAN_POINT('Ctrl Pts',(12.9168450538061,109.25,-6.54460987769208));
#2835=CARTESIAN_POINT('Ctrl Pts',(1.17903092836729,80.845,-6.58980148621667));
#2836=CARTESIAN_POINT('Ctrl Pts',(2.4484722577016,82.0621683246234,-6.71089347614088));
#2837=CARTESIAN_POINT('Ctrl Pts',(3.63043074761637,83.2960145529001,-6.81681056678127));
#2838=CARTESIAN_POINT('Ctrl Pts',(4.7229477508752,84.5469120852612,-6.90721300836828));
#2839=CARTESIAN_POINT('Ctrl Pts',(5.81546475413402,85.7978096176224,-6.99761544995529));
#2840=CARTESIAN_POINT('Ctrl Pts',(6.81854027073688,87.0657584540681,-7.07250324248893));
#2841=CARTESIAN_POINT('Ctrl Pts',(7.71710129479841,88.3536321426211,-7.1292618006666));
#2842=CARTESIAN_POINT('Ctrl Pts',(9.51422334292145,90.9293795197271,-7.24277891702193));
#2843=CARTESIAN_POINT('Ctrl Pts',(10.8932874208791,93.5848263052624,-7.2837790959534));
#2844=CARTESIAN_POINT('Ctrl Pts',(11.7901598019538,96.3321990813013,-7.24113760888792));
#2845=CARTESIAN_POINT('Ctrl Pts',(12.2385959924912,97.7058854693208,-7.21981686535518));
#2846=CARTESIAN_POINT('Ctrl Pts',(12.5664842588078,99.1025533549662,-7.1775857053232));
#2847=CARTESIAN_POINT('Ctrl Pts',(12.788320664709,100.51943917961,-7.1169586368913));
#2848=CARTESIAN_POINT('Ctrl Pts',(13.0101570706102,101.936325004254,-7.0563315684594));
#2849=CARTESIAN_POINT('Ctrl Pts',(13.1259416160961,103.373428767896,-6.97730859162758));
#2850=CARTESIAN_POINT('Ctrl Pts',(13.1448659311664,104.82899815979,-6.88148409976995));
#2851=CARTESIAN_POINT('Ctrl Pts',(13.1637902462368,106.284567551684,-6.78565960791232));
#2852=CARTESIAN_POINT('Ctrl Pts',(13.0858543308917,107.758602571831,-6.67303360102889));
#2853=CARTESIAN_POINT('Ctrl Pts',(12.9168450538061,109.25,-6.54460987769208));
#2854=UNCERTAINTY_MEASURE_WITH_UNIT(LENGTH_MEASURE(0.01),#2858,
'DISTANCE_ACCURACY_VALUE',
'Maximum model space distance between geometric entities at asserted c
onnectivities');
#2855=UNCERTAINTY_MEASURE_WITH_UNIT(LENGTH_MEASURE(0.01),#2858,
'DISTANCE_ACCURACY_VALUE',
'Maximum model space distance between geometric entities at asserted c
onnectivities');
#2856=(
GEOMETRIC_REPRESENTATION_CONTEXT(3)
GLOBAL_UNCERTAINTY_ASSIGNED_CONTEXT((#2854))
GLOBAL_UNIT_ASSIGNED_CONTEXT((#2858,#2860,#2861))
REPRESENTATION_CONTEXT('','3D')
);
#2857=(
GEOMETRIC_REPRESENTATION_CONTEXT(3)
GLOBAL_UNCERTAINTY_ASSIGNED_CONTEXT((#2855))
GLOBAL_UNIT_ASSIGNED_CONTEXT((#2858,#2860,#2861))
REPRESENTATION_CONTEXT('','3D')
);
#2858=(
LENGTH_UNIT()
NAMED_UNIT(*)
SI_UNIT(.MILLI.,.METRE.)
);
#2859=(
LENGTH_UNIT()
NAMED_UNIT(*)
SI_UNIT($,.METRE.)
);
#2860=(
NAMED_UNIT(*)
PLANE_ANGLE_UNIT()
SI_UNIT($,.RADIAN.)
);
#2861=(
NAMED_UNIT(*)
SI_UNIT($,.STERADIAN.)
SOLID_ANGLE_UNIT()
);
#2862=SHAPE_DEFINITION_REPRESENTATION(#2863,#2864);
#2863=PRODUCT_DEFINITION_SHAPE('',$,#2866);
#2864=SHAPE_REPRESENTATION('',(#682),#2856);
#2865=PRODUCT_DEFINITION_CONTEXT('part definition',#2870,'design');
#2866=PRODUCT_DEFINITION('2026-09-10-11-31-01-377','candle stand',#2867,
#2865);
#2867=PRODUCT_DEFINITION_FORMATION('',$,#2872);
#2868=PRODUCT_RELATED_PRODUCT_CATEGORY('candle stand','candle stand',(#2872));
#2869=APPLICATION_PROTOCOL_DEFINITION('international standard',
'automotive_design',2009,#2870);
#2870=APPLICATION_CONTEXT(
'Core Data for Automotive Mechanical Design Process');
#2871=PRODUCT_CONTEXT('part definition',#2870,'mechanical');
#2872=PRODUCT('2026-09-10-11-31-01-377','candle stand',$,(#2871));
#2873=PRESENTATION_STYLE_ASSIGNMENT((#2880));
#2874=PRESENTATION_STYLE_ASSIGNMENT((#2881));
#2875=PRESENTATION_STYLE_ASSIGNMENT((#2882));
#2876=PRESENTATION_STYLE_ASSIGNMENT((#2883));
#2877=PRESENTATION_STYLE_ASSIGNMENT((#2884));
#2878=PRESENTATION_STYLE_ASSIGNMENT((#2885));
#2879=PRESENTATION_STYLE_ASSIGNMENT((#2886));
#2880=SURFACE_STYLE_USAGE(.BOTH.,#2887);
#2881=SURFACE_STYLE_USAGE(.BOTH.,#2888);
#2882=SURFACE_STYLE_USAGE(.BOTH.,#2889);
#2883=SURFACE_STYLE_USAGE(.BOTH.,#2890);
#2884=SURFACE_STYLE_USAGE(.BOTH.,#2891);
#2885=SURFACE_STYLE_USAGE(.BOTH.,#2892);
#2886=SURFACE_STYLE_USAGE(.BOTH.,#2893);
#2887=SURFACE_SIDE_STYLE('',(#2894));
#2888=SURFACE_SIDE_STYLE('',(#2895));
#2889=SURFACE_SIDE_STYLE('',(#2896));
#2890=SURFACE_SIDE_STYLE('',(#2897));
#2891=SURFACE_SIDE_STYLE('',(#2898));
#2892=SURFACE_SIDE_STYLE('',(#2899));
#2893=SURFACE_SIDE_STYLE('',(#2900));
#2894=SURFACE_STYLE_FILL_AREA(#2901);
#2895=SURFACE_STYLE_FILL_AREA(#2902);
#2896=SURFACE_STYLE_FILL_AREA(#2903);
#2897=SURFACE_STYLE_FILL_AREA(#2904);
#2898=SURFACE_STYLE_FILL_AREA(#2905);
#2899=SURFACE_STYLE_FILL_AREA(#2906);
#2900=SURFACE_STYLE_FILL_AREA(#2907);
#2901=FILL_AREA_STYLE('Steel - Satin',(#2908));
#2902=FILL_AREA_STYLE('Paint - Enamel Glossy (Yellow)',(#2909));
#2903=FILL_AREA_STYLE('Paint - Enamel Glossy (Black)',(#2910));
#2904=FILL_AREA_STYLE('Paint - Enamel Glossy (Red)',(#2911));
#2905=FILL_AREA_STYLE('Paint - Enamel Glossy (Green)',(#2912));
#2906=FILL_AREA_STYLE('Paint - Enamel Glossy (White)',(#2913));
#2907=FILL_AREA_STYLE('Paint - Enamel Glossy (Yellow)',(#2914));
#2908=FILL_AREA_STYLE_COLOUR('Steel - Satin',#2915);
#2909=FILL_AREA_STYLE_COLOUR('Paint - Enamel Glossy (Yellow)',#2916);
#2910=FILL_AREA_STYLE_COLOUR('Paint - Enamel Glossy (Black)',#2917);
#2911=FILL_AREA_STYLE_COLOUR('Paint - Enamel Glossy (Red)',#2918);
#2912=FILL_AREA_STYLE_COLOUR('Paint - Enamel Glossy (Green)',#2919);
#2913=FILL_AREA_STYLE_COLOUR('Paint - Enamel Glossy (White)',#2920);
#2914=FILL_AREA_STYLE_COLOUR('Paint - Enamel Glossy (Yellow)',#2921);
#2915=COLOUR_RGB('Steel - Satin',0.627450980392157,0.627450980392157,0.627450980392157);
#2916=COLOUR_RGB('Paint - Enamel Glossy (Yellow)',0.913725490196078,0.513725490196078,
0.141176470588235);
#2917=COLOUR_RGB('Paint - Enamel Glossy (Black)',0.0980392156862745,0.0980392156862745,
0.0980392156862745);
#2918=COLOUR_RGB('Paint - Enamel Glossy (Red)',0.623529411764706,0.364705882352941,
0.345098039215686);
#2919=COLOUR_RGB('Paint - Enamel Glossy (Green)',0.454901960784314,0.325490196078431,
0.325490196078431);
#2920=COLOUR_RGB('Paint - Enamel Glossy (White)',0.964705882352941,0.964705882352941,
0.952941176470588);
#2921=COLOUR_RGB('Paint - Enamel Glossy (Yellow)',0.925490196078431,0.741176470588235,
0.317647058823529);
ENDSEC;
END-ISO-10303-21;
